Velma  ,Paul,63,F,18,2,no,no,no,61,65,61,62,57,69,yes
Kibo  ,Mcgee,71,F,17,2,yes,no,no,58,68,62,57,44,66,yes
Louis  ,Underwood,62.75,F,15,2,no,yes,no,61,60,54,66,48,62,yes
Phyllis  ,Clemons,57.5,F,15,3,yes,yes,yes,70,55,57,53,42,62,yes
Zenaida ,Tillman,59.5,F,16,2,yes,yes,no,52,46,62,65,53,65,yes
Gillian  ,Tillman,67,M,16,2,yes,yes,yes,66,61,55,58,50,70,yes
pooja,gupta,65.5,M,16,2,no,no,no,64,60,64,60,34,68,no
Giselle ,Lancaster,70,F,17,2,yes,no,no,56,63,59,63,49,64,yes
Kirsten ,Walker,48.75,M,15,2,yes,yes,no,56,65,57,58,54,70,yes
Underwood,Bob  ,50.22,M,15,2,yes,yes,yes,70,59,59,54,42,62,yes
Boone,Sem  ,54,F,15,2,yes,yes,no,65,63,55,54,48,60,yes
  Underwood,Kibo,88,F,15,3,yes,no,yes,63,61,59,59,43,64,yes
 Rivett,Lucy ,92.5,M,15,1,yes,yes,yes,64,61,53,59,41,60,yes
 Lancaster,Artur ,49.5,M,15,2,yes,yes,no,62,52,62,60,41,63,yes
 Henstridge,Taylor,53.5,M,15,3,yes,no,no,60,66,62,58,56,61,yes
Sue,Tebbett,56.5,F,16,1,yes,no,no,64,58,56,62,36,63,yes
John  ,Henstridge,74.5,F,16,3,yes,yes,yes,72,61,54,56,53,58,yes
  Mcgee,Lucas,76,F,16,2,yes,no,yes,58,55,64,55,42,68,yes
nikita,Shade,89,M,17,1,yes,no,yes,60,50,61,66,38,71,yes
Cutler ,Melmore,81.5,M,16,1,no,yes,yes,57,59,54,60,44,67,yes
Emma,Flooks,82,M,15,2,no,no,no,71,58,62,67,34,68,no
Lindo ,Scala,49,M,15,1,yes,yes,no,56,69,63,65,41,58,yes
Paul,Guerre,55,M,16,2,no,no,yes,53,57,51,52,31,31,no
Sean,Benadette,49,M,16,2,yes,no,yes,63,52,41,62,42,71,yes
Zehra ,Tolomelli,61,F,15,3,yes,yes,yes,55,53,58,56,47,61,yes
William ,Tillman,67,F,16,1,yes,yes,no,62,52,55,61,47,63,yes
Alejandro ,Boone,76.5,M,15,1,yes,yes,no,64,48,60,58,39,60,yes
Patrick,Lancaster,54,M,15,1,no,yes,no,48,61,54,53,38,64,yes
Junior ,Mcdowell,60.25,M,16,2,yes,no,yes,54,62,52,54,42,60,yes
Lonnie,Tebbett,63,M,16,2,yes,yes,yes,67,57,61,61,38,69,yes
Ellerey,Halworth,71,M,15,2,yes,yes,no,58,54,59,62,47,69,yes
Maurits,Caughtry,62.75,M,15,2,yes,no,yes,61,50,64,65,50,61,yes
Fulton,Harbage,57.5,M,15,2,yes,no,yes,53,57,59,69,49,66,yes
Missie,Tuke,59.5,M,15,2,no,no,yes,61,56,47,60,43,69,yes
Marnie,Fenney,67,M,16,1,yes,yes,no,58,49,56,56,48,62,yes
Charmain,Ivatts,65.5,F,15,1,yes,no,yes,60,56,58,44,42,60,yes
Dotti,Rivett,70,M,15,3,yes,no,yes,54,56,58,56,40,60,yes
Dudley,Bedle,48.75,M,16,3,yes,no,yes,52,56,55,56,38,69,yes
Vidovik,Hought,42,F,15,3,yes,yes,yes,55,54,65,46,41,61,yes
Gaylene,Echelle,54,F,15,1,yes,yes,yes,57,50,63,61,51,66,yes
Celestia,Degoix,88,F,16,2,yes,no,yes,60,56,59,55,42,70,yes
Imogene,Sushams,92.5,M,15,1,yes,no,no,62,53,51,64,40,59,yes
Ambrosius,Rangell,49.5,M,15,2,yes,no,yes,53,54,61,49,38,61,yes
Louise,McCromley,53.5,M,15,1,yes,no,no,64,48,55,56,39,55,yes
Bettye,Standingford,56.5,F,16,2,no,no,yes,65,53,60,50,38,56,yes
Stefanie,Braunfeld,74.5,F,15,2,yes,yes,yes,66,49,53,65,41,61,yes
Jessy,Craghead,76,F,16,2,yes,no,no,67,48,56,62,49,47,yes
Stillmann,Flaonier,89,M,16,4,no,no,yes,61,51,51,66,67,61,yes
Joseito,O'Donovan,81.5,M,15,2,yes,yes,no,50,57,57,54,48,66,yes
Jard,De Cleyne,82,F,15,2,yes,no,yes,57,53,57,46,39,65,yes
Danielle,L'oiseau,49,F,16,2,yes,yes,no,56,61,57,59,50,64,yes
Barry,Whitnell,55,F,15,2,yes,yes,no,58,63,45,55,49,64,yes
Lea,Salazar,49,M,15,1,no,no,no,53,57,55,51,36,67,yes
Dukey,Rubinivitz,61,F,15,1,yes,yes,no,58,57,56,54,49,59,yes
Myer,Kid,67,F,15,1,no,yes,no,60,58,54,56,44,70,yes
Royce,Blindt,76.5,F,16,2,no,yes,yes,60,59,52,59,38,61,yes
Elissa,Wilds,54,F,15,2,yes,yes,yes,65,53,57,60,39,67,yes
Rosalinde,Jeeves,60.25,M,15,2,yes,no,yes,65,45,52,59,38,60,yes
Virginie,Behne,63,M,15,2,yes,no,yes,51,50,54,60,55,59,yes
Doug,Kenway,71,F,16,2,yes,no,no,50,48,57,48,53,58,yes
Mikey,Stollwerk,62.75,F,16,2,yes,no,yes,52,62,46,48,40,61,yes
Rayshell,Klimke,57.5,F,16,1,yes,no,yes,53,57,55,54,41,60,yes
Leanna,Faucett,59.5,F,16,2,no,no,yes,63,49,53,53,38,60,yes
Raeann,Genge,67,F,16,3,yes,yes,yes,50,54,54,53,41,55,yes
Brinna,Henstridge,65.5,F,15,2,no,no,yes,65,57,60,61,63,69,yes
Kerry,Gayle,70,F,16,2,yes,no,yes,71,48,52,50,39,67,yes
Aldous,Licciardello,48.75,M,15,4,yes,no,yes,62,51,52,59,39,68,yes
Benedicta,Shadrack,42,F,16,4,yes,yes,no,59,44,59,53,43,55,yes
Jennee,Ashcroft,54,F,15,2,yes,yes,no,72,56,44,49,41,54,yes
Sergent,Mapowder,88,F,15,4,yes,no,no,60,52,43,67,48,62,yes
Abdel,Bullan,92.5,M,16,4,yes,yes,no,62,54,49,54,38,59,yes
Tyrone,O' Bee,49.5,M,15,4,no,no,no,60,48,57,59,40,61,yes
Esma,Catherall,53.5,F,15,2,yes,no,no,62,48,51,52,39,64,yes
Melanie,Carleton,56.5,M,16,1,no,no,yes,53,45,53,50,48,61,yes
Layton,Fust,74.5,F,16,2,yes,yes,yes,61,59,50,59,49,68,yes
Blair,Bentote,76,M,15,2,yes,yes,yes,57,59,59,56,46,61,yes
Verne,Booij,89,M,15,4,no,no,yes,60,47,59,62,41,57,yes
Libby,Cliss,81.5,F,16,4,no,yes,no,66,49,48,59,35,70,yes
Dolley,Edgecumbe,82,M,17,1,yes,no,yes,58,43,59,59,42,63,no
Maurise,Farington,49,F,16,2,yes,no,no,62,59,51,47,35,57,yes
Renaud,Collisson,55,M,15,1,yes,yes,yes,57,48,56,53,36,60,yes
Tyrone,Hanssmann,49,M,15,3,no,yes,no,60,51,53,54,40,54,yes
Patrice,Jeanneau,61,F,15,2,yes,yes,no,63,48,54,56,38,66,yes
Charmain,Parmeter,67,M,15,2,no,yes,yes,56,50,60,58,45,58,yes
Hadley,Bole,76.5,F,15,2,yes,no,yes,67,46,47,67,35,62,yes
Mick,Arden,54,F,15,2,no,yes,no,54,56,50,63,48,54,yes
Darius,Paladini,60.25,F,16,2,yes,no,no,65,62,40,58,56,64,yes
Grata,Dedam,63,F,15,3,yes,no,yes,56,54,47,65,65,64,yes
Indira,Levane,71,M,16,2,no,yes,yes,46,57,49,54,49,56,yes
Juline,Drivers,62.75,M,16,2,yes,no,no,58,48,49,60,49,67,yes
Winfred,Metherell,57.5,F,16,3,yes,yes,no,60,53,53,46,37,60,yes
Adria,Goymer,59.5,F,15,1,no,yes,yes,58,56,58,43,45,54,yes
Gaven,Duggan,67,F,16,2,yes,no,no,65,49,47,60,35,65,yes
Anson,Duckering,65.5,F,16,2,yes,yes,yes,55,52,45,53,35,64,yes
Antin,Raddish,70,M,15,4,yes,no,yes,63,45,61,48,40,50,yes
Rutherford,Winham,48.75,F,15,4,yes,yes,yes,64,45,45,49,50,65,yes
Adiana,Trulocke,42,M,16,1,yes,no,yes,68,57,47,51,55,61,yes
Carling,Pudge,54,F,16,2,yes,yes,no,63,56,56,56,39,57,yes
Devlen,Rimes,88,F,16,1,no,no,yes,57,51,53,56,54,56,yes
Roobbie,Gouny,92.5,F,16,3,yes,yes,no,47,55,58,56,76,69,yes
Ban,Blaxley,49.5,M,16,1,yes,yes,yes,65,50,55,48,52,57,yes
Bertie,Lamble,53.5,M,16,3,yes,no,yes,64,57,55,51,58,68,yes
Alameda,Botterman,56.5,M,15,1,yes,no,yes,57,57,55,48,41,57,yes
Cosme,Lamanby,74.5,F,15,2,yes,yes,no,52,56,55,49,67,60,yes
Lexie,Brownsword,76,M,15,2,yes,yes,yes,57,43,58,48,50,68,yes
Kara,Shade,89,F,15,4,no,no,no,56,44,62,62,67,67,yes
Donalt,Melmore,81.5,F,15,4,yes,yes,no,56,40,57,54,44,63,yes
Vida,Flooks,82,M,16,3,yes,no,yes,56,56,44,52,39,58,yes
Claudio,Scala,49,M,15,4,yes,yes,yes,61,41,47,55,49,61,yes
Carlie,Guerre,55,F,16,3,yes,yes,yes,53,53,53,63,76,60,yes
Tessi,Benadette,49,M,15,1,no,no,yes,60,49,48,62,39,62,yes
Renaldo,Tolomelli,61,F,16,3,yes,no,yes,53,47,52,47,87,60,yes
Matthus,Mogg,67,F,16,2,no,no,yes,53,57,46,53,39,60,yes
Dolley,Stallan,76.5,M,15,1,no,no,no,68,59,52,63,35,67,yes
Stefania,Smead,54,M,15,2,no,no,yes,52,57,49,49,40,68,yes
Aurea,Settle,60.25,M,16,2,yes,no,yes,61,61,47,56,39,59,yes
Kris,Cochrane,63,M,15,2,yes,no,yes,62,51,55,59,35,56,yes
Kippar,Frift,71,M,16,1,no,no,yes,47,59,58,54,36,55,yes
Chance,Hearthfield,62.75,M,17,2,yes,no,yes,65,55,49,55,29,64,no
Friederike,Cale,57.5,M,15,1,no,no,no,50,49,58,52,35,62,yes
Lannie,Balshaw,59.5,F,15,2,no,no,no,53,61,43,48,31,59,no
Garek,Davenall,67,M,15,4,yes,yes,yes,60,54,52,43,71,61,yes
Hank,Sillick,65.5,F,16,2,yes,yes,yes,62,57,48,48,33,66,no
Lambert,Curdell,70,M,16,1,yes,no,yes,50,55,55,35,36,62,yes
Fredric,Dowber,48.75,F,16,2,no,yes,no,60,47,54,51,39,64,yes
Othelia,Flatt,42,M,15,1,no,no,no,60,53,52,55,35,64,yes
Lexie,Tatlock,54,F,15,2,no,no,yes,60,40,45,51,37,62,yes
Babara,MacCardle,88,F,19,2,yes,no,no,60,50,41,57,58,58,no
Tucky,Oboy,92.5,M,18,1,yes,no,yes,53,55,52,44,43,61,yes
Vinnie,Shackel,49.5,M,16,1,no,yes,yes,56,49,58,44,42,60,yes
Peta,Brechin,53.5,F,15,3,yes,no,no,56,55,43,60,40,69,yes
Michal,Borsay,56.5,F,15,1,yes,no,yes,57,46,51,48,38,52,yes
Pierre,Limmer,74.5,F,17,1,yes,no,no,56,46,54,51,38,53,yes
Clay,Marriot,76,F,16,1,no,no,no,60,44,49,50,43,65,yes
Trumaine,Geer,89,M,15,2,yes,no,no,60,46,53,44,38,60,yes
Archibald,Grouer,81.5,F,15,3,yes,no,yes,60,45,50,46,42,60,yes
Derick,Konig,82,M,17,2,no,no,no,58,51,52,58,48,69,yes
Harley,Poon,49,F,16,1,yes,no,yes,63,49,51,56,40,67,yes
Brandea,Wieprecht,55,M,16,2,no,no,no,60,51,50,56,38,64,yes
Luther,Daburn,49,F,15,1,no,no,yes,58,52,49,62,39,60,yes
Gussie,Jedrzaszkiewicz,61,M,15,4,yes,no,no,68,41,56,66,38,64,yes
Gavrielle,Benadette,67,M,16,1,yes,no,yes,56,52,51,57,33,69,no
Evelina,Acey,76.5,F,15,3,yes,yes,yes,61,49,54,58,36,59,yes
Adolphus,Poyle,54,F,16,1,no,no,no,62,57,50,64,27,59,no
Cameron,Saleway,60.25,M,17,1,yes,no,no,66,55,41,53,46,50,yes
Derick,Kings,63,F,15,2,yes,yes,no,65,42,55,45,29,63,no
Joaquin,Smallpeice,71,F,15,2,yes,no,no,50,43,57,49,40,61,yes
Lesley,Visick,62.75,F,15,2,yes,yes,no,60,51,54,47,38,56,yes
Maris,Gummory,57.5,M,16,1,yes,no,no,56,42,55,58,35,63,no
Clement,Milne,59.5,M,15,1,no,no,no,55,52,51,56,37,56,yes
Joelle,Showler,67,M,18,1,no,no,no,56,46,47,56,47,68,no
Rozelle,Owthwaite,65.5,M,16,1,no,no,yes,67,47,55,44,38,50,yes
Kippie,Staten,70,F,15,3,yes,yes,yes,58,50,56,64,38,50,yes
Lazare,Melton,48.75,M,19,1,yes,no,no,51,57,48,49,42,57,no
Cordey,Woodfield,42,F,17,1,yes,no,no,60,52,52,45,64,60,yes
Ives,Giovannelli,54,M,15,2,no,yes,yes,62,52,46,51,36,64,yes
Zeke,Kleen,88,M,17,1,no,no,no,42,47,55,56,48,58,yes
Jeniece,Elderbrant,92.5,F,18,1,yes,no,yes,63,46,47,45,58,56,yes
Gregoor,Grzesiewicz,49.5,M,16,1,no,no,no,58,53,30,34,50,64,no
Amabelle,Astbery,53.5,M,16,2,yes,yes,no,62,55,48,44,39,50,yes
Corty,Flowitt,56.5,M,17,1,no,no,yes,60,45,51,55,40,54,no
Cissiee,Scougall,74.5,M,15,2,yes,no,no,56,45,53,50,40,58,yes
Brig,Tovey,76,M,16,1,no,no,yes,54,49,54,63,35,51,yes
Kassie,Tanslie,89,M,17,1,no,no,no,61,48,44,53,40,47,no
Gris,Escale,81.5,M,17,2,no,no,yes,52,57,50,40,45,48,no
Breanne,Grenkov,82,M,16,1,yes,no,yes,55,44,42,54,60,53,no
Brigida,Anglin,49,M,16,2,no,no,no,56,44,45,46,41,56,no
Finn,Jzak,55,F,16,2,no,yes,no,58,52,51,49,57,59,yes
Gregorius,Dacey,49,F,16,2,yes,yes,no,60,55,48,53,37,56,yes
Rosalia,Lockart,61,F,16,2,yes,yes,no,60,55,48,53,28,71,yes
Jasmine,Lendrem,67,M,16,1,yes,no,yes,65,53,51,61,25,68,no
Edyth,Josilowski,76.5,M,16,2,yes,yes,yes,62,51,47,55,38,58,yes
Alvin,Novotna,54,M,17,2,yes,yes,yes,52,47,55,47,37,60,yes
Karel,Bedson,60.25,F,16,2,no,no,yes,52,52,53,53,35,61,yes
Reginauld,Kibbel,63,F,16,2,yes,yes,yes,51,50,47,65,89,57,yes
Melloney,Shinefield,71,M,17,2,no,yes,yes,60,54,52,56,50,65,yes
Lyndsie,Maudlin,62.75,F,16,2,no,yes,yes,55,56,50,52,35,58,yes
Emlyn,Jurgenson,57.5,M,17,2,no,no,yes,65,49,48,59,37,47,yes
Katrina,Connew,59.5,M,16,1,yes,no,yes,54,47,49,56,36,59,yes
Phylys,Babb,67,M,17,2,yes,no,yes,48,46,55,48,31,66,no
Fonz,Rodnight,65.5,M,16,2,yes,yes,yes,50,46,40,50,39,61,yes
Noble,Crowth,70,M,16,2,no,yes,yes,55,50,48,47,39,54,yes
Bertie,Jephson,48.75,F,17,2,yes,no,yes,54,46,61,50,41,48,yes
Orland,Regis,42,F,17,2,yes,no,yes,60,51,59,59,37,57,yes
Joe,Sebyer,54,F,16,2,yes,yes,no,61,56,59,48,38,59,yes
Sher,Whybrow,88,M,17,2,yes,no,yes,57,54,51,55,49,60,yes
Corrie,Wilber,92.5,M,16,1,yes,yes,yes,65,45,45,51,51,65,yes
Billy,Rebert,49.5,M,16,2,no,yes,yes,62,56,49,49,52,53,yes
Claudius,Victor,53.5,F,17,2,yes,no,no,62,50,53,47,55,64,yes
Leila,Woolway,56.5,M,17,2,no,no,no,60,57,50,45,56,56,yes
Rosita,Comley,74.5,F,16,2,no,no,no,57,52,44,53,36,59,yes
Rustin,Morlon,76,F,17,2,no,no,yes,55,47,53,52,33,57,no
Felita,Accomb,89,M,17,2,no,yes,yes,60,51,51,49,55,55,yes
Michele,Dudding,81.5,M,16,1,yes,no,yes,60,54,46,57,35,58,yes
Shanda,Collisson,82,M,16,1,no,no,no,60,45,54,47,35,54,yes
Patrizius,MacKall,49,F,17,2,no,no,yes,58,49,49,43,34,48,no
Odie,Slopier,55,M,17,1,no,no,no,57,50,39,54,35,51,yes
Fayre,Sarath,49,M,16,1,yes,yes,yes,54,47,46,44,42,58,yes
Norbert,Carabine,61,F,17,1,yes,no,no,55,56,46,51,39,55,yes
Domenic,Ourtic,67,F,16,2,yes,yes,no,52,51,53,43,56,62,yes
Britt,Tolefree,76.5,F,16,2,yes,no,yes,58,48,41,46,33,63,no
Delcine,Ewbank,54,F,16,2,yes,yes,yes,54,42,35,41,41,63,yes
Sibby,Grzelewski,60.25,F,17,2,yes,yes,no,56,42,42,46,38,54,yes
Engracia,BURWIN,63,F,17,1,yes,no,no,51,41,40,54,36,62,yes
Milicent,Rutley,71,F,16,4,yes,yes,yes,56,49,77,49,39,61,yes
Marten,Cockley,62.75,F,17,3,yes,yes,no,38,48,53,45,40,60,yes
Constance,Belsham,57.5,F,16,2,yes,yes,no,64,45,48,41,39,61,yes
Chrissy,Carek,59.5,F,16,2,no,yes,yes,60,54,55,54,37,54,yes
Pauly,McGuggy,67,F,16,1,yes,yes,no,57,52,47,60,36,59,yes
Matthias,Kitchingham,65.5,F,17,3,yes,yes,yes,60,46,36,61,79,65,yes
Sammy,Farnes,70,F,19,4,yes,yes,yes,56,59,47,47,47,60,yes
Florencia,Beenham,48.75,M,17,2,yes,yes,no,53,50,45,48,46,60,yes
Far,Dominelli,42,F,16,2,yes,yes,no,62,52,50,47,50,61,yes
Costanza,Busher,54,M,18,2,yes,yes,yes,56,51,46,53,57,68,yes
Aeriela,Hatt,88,F,17,1,yes,yes,no,55,46,60,50,25,54,no
Rayna,Abramcik,92.5,F,17,2,no,yes,no,54,53,36,63,26,58,no
Shurlock,Headon,49.5,F,17,2,no,yes,no,63,53,45,43,29,54,yes
Stewart,Lambertini,53.5,M,18,2,yes,yes,no,51,37,58,56,44,53,yes
Devlin,Phillipps,56.5,F,17,1,yes,yes,no,58,44,38,49,39,59,yes
Shina,Mumberson,74.5,F,17,3,yes,yes,yes,55,48,38,49,60,55,yes
Juan,Revans,76,F,17,2,yes,no,yes,60,43,53,43,30,54,no
Wally,Getten,89,F,17,3,yes,no,yes,56,83,54,47,39,59,yes
Godfrey,De Rechter,81.5,F,16,2,no,no,no,50,53,34,50,31,49,no
Euell,Buttress,82,M,18,2,yes,yes,no,52,49,46,42,41,62,yes
Devonne,Bannard,49,F,16,3,yes,no,yes,55,58,51,59,37,57,yes
Tades,Stiffkins,55,F,18,2,no,no,yes,50,56,54,50,31,59,no
Clarice,Ciobutaru,49,F,17,2,no,no,yes,58,57,44,50,25,62,no
Robyn,Pleming,61,M,17,2,yes,yes,no,54,46,52,56,39,59,yes
Deeanne,Haith,67,M,18,2,yes,yes,yes,50,52,51,45,63,61,yes
Anson,Syson,76.5,F,17,3,no,no,yes,60,40,53,47,39,63,yes
Bar,Steeden,54,F,17,2,no,no,yes,60,53,42,43,38,51,yes
Vincent,Aust,60.25,M,17,2,yes,yes,yes,57,44,45,45,23,60,no
Marlo,Donegan,63,M,17,2,yes,no,yes,52,51,49,48,39,47,yes
Tiffany,Egarr,71,M,16,2,yes,yes,yes,50,46,52,47,21,60,no
Clayborne,Palombi,62.75,M,16,2,yes,yes,no,50,51,45,60,19,59,no
Ransell,Mozzini,57.5,M,16,3,no,no,yes,61,41,54,54,20,62,no
Franzen,MacEllen,59.5,M,17,2,no,yes,yes,67,41,57,47,49,57,yes
Simonette,Gothup,67,F,16,1,no,no,no,46,58,59,40,35,58,yes
Shelagh,Penny,65.5,F,17,2,no,no,yes,60,35,40,56,28,60,no
Anabella,Driver,70,M,18,2,no,no,no,51,46,50,52,29,65,no
Vail,Greber,48.75,M,17,2,no,no,yes,57,48,30,50,44,58,no
Franky,Heatley,42,M,17,2,yes,yes,no,56,44,53,58,55,61,yes
Marian,Pimbley,54,M,16,1,no,no,yes,54,43,54,53,27,46,no
Georgina,Enbury,88,M,16,1,no,no,yes,54,47,56,55,31,52,no
Alvan,Ramelet,92.5,F,18,3,yes,yes,no,60,45,39,48,59,65,yes
Ursula,O'Calleran,49.5,M,16,1,no,no,no,50,50,49,43,26,54,no
Danila,Gilberthorpe,53.5,M,17,1,no,no,no,54,48,55,44,30,48,no
Sharleen,Andrews,56.5,M,22,1,no,no,no,42,47,56,55,31,56,no
Dorrie,Candwell,74.5,M,18,2,yes,no,no,55,41,47,42,38,61,yes
Orelie,Leyson,76,M,16,1,no,yes,no,50,43,45,45,34,53,no
Dotti,Highton,89,M,18,1,no,no,no,58,52,54,46,35,48,yes
Colman,Poile,81.5,M,16,2,yes,no,no,56,58,43,51,39,68,yes
Faye,Manchett,82,M,18,1,no,no,no,70,53,52,52,31,66,no
Jo-ann,Moyles,49,M,16,1,no,no,yes,60,57,44,56,34,58,no
Zerk,Makiver,55,M,17,1,no,no,no,56,44,42,57,33,62,no
Rahel,Enston,49,M,17,1,yes,no,yes,67,49,37,45,26,56,no
Thurston,Slane,61,F,17,4,yes,yes,yes,57,47,41,50,68,52,yes
Ardeen,Farrin,67,M,19,2,yes,no,no,56,55,38,56,34,46,no
Chico,Fraczek,76.5,M,18,2,no,no,yes,60,47,35,53,24,61,no
Tamar,Purrington,54,F,17,4,no,yes,yes,50,42,53,48,68,55,yes
Kristine,Triner,60.25,F,18,2,yes,yes,no,50,47,45,47,55,58,yes
Raynor,Bister,63,M,18,2,yes,yes,no,43,51,52,44,44,61,yes
Timmy,Stoakley,71,M,18,3,no,no,yes,60,50,40,47,35,57,yes
Kirbee,Breissan,62.75,F,17,3,no,no,yes,57,36,38,56,37,67,yes
Sherwynd,Venn,57.5,F,18,3,yes,yes,yes,57,45,39,49,30,59,yes
Antonino,Francesch,59.5,M,18,2,yes,yes,yes,45,43,49,41,36,61,yes
Jobey,Pulham,67,M,17,2,no,yes,yes,56,43,46,52,45,57,yes
Mitzi,Eady,65.5,F,18,2,no,yes,yes,45,44,52,42,26,61,no
Vikki,Porteous,70,M,18,2,yes,yes,yes,45,41,49,52,43,62,yes
Amity,Verrell,48.75,F,18,2,yes,no,no,41,55,45,53,40,52,no
Rory,Kief,42,F,19,2,yes,yes,yes,50,36,39,42,33,60,no
Craggy,Vasyunin,54,F,18,4,yes,yes,yes,50,43,48,47,77,52,yes
Renard,Meuse,88,F,18,2,yes,yes,no,52,54,38,39,56,46,yes
Noach,Polamontayne,92.5,M,17,2,yes,yes,yes,52,55,43,44,39,50,yes
Jedd,Ghiroldi,49.5,F,17,2,yes,yes,no,46,51,50,51,51,48,yes
Natka,Micheli,53.5,F,17,2,yes,yes,no,53,48,42,38,40,56,yes
Valery,Heinecke,56.5,F,18,2,no,no,no,56,46,50,39,24,61,no
Sissy,Smalman,74.5,M,18,1,no,yes,yes,61,51,38,40,30,57,no
Caesar,Abrey,76,F,18,2,yes,no,yes,54,43,52,48,28,61,no
Mag,Facchini,89,M,18,1,no,yes,yes,60,47,53,45,36,60,yes
Hilly,Mansford,81.5,M,17,1,no,yes,yes,41,54,38,45,19,61,no
Benetta,Glasner,82,M,17,1,no,no,no,55,38,38,45,22,61,no
Beryle,Mintoff,49,F,18,4,yes,yes,yes,50,38,42,45,73,60,yes
Audry,Sellstrom,55,F,18,2,no,no,yes,58,50,52,54,67,67,yes
Salomi,Acom,49,F,17,2,yes,no,no,65,42,45,46,65,68,yes
Court,Henbury,61,M,17,2,no,yes,no,45,49,57,57,43,49,yes
Wilbur,Hawk,67,F,18,3,yes,yes,no,56,39,50,45,68,57,yes
Pattie,Drance,76.5,F,17,3,yes,yes,no,55,54,49,37,67,60,yes
Timmie,Robbs,54,M,18,3,no,yes,yes,58,44,54,47,45,51,yes
Corie,Manuaud,60.25,M,18,2,yes,yes,yes,56,40,48,43,45,57,yes
Marybeth,Bickardike,63,M,18,2,yes,yes,yes,60,38,64,53,36,66,yes
Georgeta,Neave,71,F,17,3,yes,yes,no,48,45,39,46,56,53,yes
Dudley,Doumenc,62.75,F,18,2,no,no,no,45,48,77,46,38,58,yes
Berty,Cunio,57.5,F,17,4,yes,yes,no,55,47,54,48,58,53,yes
Valera,Conniam,59.5,M,18,3,yes,yes,yes,52,44,49,51,56,53,yes
Joletta,Mixworthy,67,M,17,1,yes,yes,no,54,41,38,44,35,61,yes
Carlee,Aksell,65.5,F,19,2,yes,yes,yes,52,41,59,44,39,55,yes
Dasha,Pattingson,70,F,18,2,yes,yes,no,62,44,42,43,38,55,yes
Emilie,Mantz,48.75,F,18,4,yes,yes,no,58,50,52,45,40,58,yes
Ashil,Conre,42,M,18,1,yes,yes,no,53,46,47,38,35,58,yes
Oralie,Jewar,54,F,18,2,yes,no,no,55,57,44,36,64,59,yes
Berkly,Bootton,88,M,17,1,no,yes,no,55,48,44,44,76,68,yes
Gus,Highton,92.5,F,17,3,yes,yes,no,46,38,39,52,38,60,yes
Gerardo,Greenly,49.5,F,17,4,yes,yes,yes,53,48,43,41,46,61,yes
Bradan,Tree,53.5,M,19,2,yes,no,yes,51,42,49,42,45,56,yes
Tomkin,Filde,56.5,F,18,2,yes,yes,yes,56,36,38,48,64,56,yes
Evonne,Hughesdon,74.5,M,20,1,no,no,yes,55,42,40,44,71,57,yes
Rorke,Grieves,76,M,19,1,yes,yes,no,52,52,51,44,36,56,yes
Simona,Mouan,89,M,19,2,no,no,yes,56,48,41,47,66,57,yes
Shirleen,Bonicelli,81.5,F,19,2,yes,no,yes,50,35,46,55,41,52,yes
Mattheus,Jandera,82,F,19,2,no,no,yes,58,45,42,43,67,47,yes
Den,Learie,49,F,19,2,yes,no,no,48,39,46,47,47,53,no
Bernardo,Perutto,55,M,19,2,no,no,no,55,44,41,54,46,51,yes
Emmy,Pibsworth,49,F,19,2,yes,yes,no,60,46,47,32,39,53,yes
Melisenda,Gaspar,61,F,19,3,no,no,no,46,46,35,47,50,61,yes
Gisela,Pittford,67,F,19,3,no,no,no,50,47,38,50,39,50,yes
Filippo,Causon,76.5,F,18,2,yes,yes,yes,46,42,47,40,53,65,yes
Hilary,Baldelli,54,F,18,3,yes,yes,yes,57,52,35,42,76,59,yes
Melly,Gaish,60.25,F,17,3,yes,yes,yes,51,56,41,33,75,53,yes
Rosmunda,Ebrall,63,F,18,2,yes,yes,no,54,35,40,44,48,61,yes
Inigo,Charette,71,F,17,2,yes,yes,no,53,47,36,41,77,65,yes
La verne,Trowill,62.75,F,17,2,yes,no,no,55,37,40,46,50,47,yes
Delcina,Prendergrast,57.5,F,17,3,yes,yes,yes,56,30,33,47,38,55,no
Carolan,Cashell,59.5,F,17,3,yes,no,no,52,47,46,52,38,41,yes
Harriet,Gethins,67,F,17,3,no,no,no,54,36,36,52,40,54,yes
Biron,Moodie,65.5,M,18,3,no,no,yes,38,53,43,54,68,58,yes
Bale,Stamper,70,M,17,1,no,no,yes,64,53,32,37,25,53,no
Vergil,Moukes,48.75,M,17,1,yes,no,no,62,44,39,33,25,59,no
Foster,Petru,42,F,17,3,yes,yes,yes,54,50,33,47,20,55,no
Orin,Asaaf,54,F,17,3,yes,yes,no,54,36,57,47,19,56,yes
Emmery,Janca,88,M,18,4,yes,no,yes,40,41,46,37,26,61,yes
Beltran,Leemans,92.5,F,17,3,yes,no,no,57,35,38,41,69,60,yes
Vonni,Iskower,49.5,F,18,2,no,no,yes,50,38,36,44,50,58,yes
Leonidas,Matteucci,53.5,F,18,2,no,no,yes,45,43,53,44,29,51,no
Ellette,Wyne,56.5,F,18,4,no,no,yes,57,50,63,49,35,55,yes
Odey,Casazza,74.5,F,17,3,no,no,no,42,37,57,45,41,46,yes
Trixie,Vinter,76,F,19,3,no,yes,no,44,51,41,47,30,46,yes
Reba,Zanardii,89,F,17,2,yes,yes,no,48,51,52,41,45,44,yes
Katlin,Jeandon,81.5,F,18,4,yes,no,no,64,43,37,47,77,59,yes
Aubine,Galgey,82,F,17,2,yes,yes,no,51,47,40,30,45,59,yes
Mel,Battershall,49,F,19,3,no,yes,yes,44,46,45,48,56,57,yes
Marga,Kuschek,55,M,18,2,yes,no,yes,52,35,44,35,75,61,yes
Cassaundra,Justham,49,M,18,2,no,no,yes,46,41,45,45,46,58,yes
Kathy,Costy,61,F,17,2,yes,no,no,54,49,44,44,67,46,yes
Kay,Furzey,67,F,18,3,yes,no,no,62,43,38,55,56,48,yes
Patton,Ockenden,76.5,F,18,3,no,no,no,62,43,36,46,58,66,yes
Ly,Rego,54,M,18,3,no,no,no,51,39,35,42,48,61,yes
Gisella,Davidek,60.25,M,18,3,yes,yes,no,51,42,39,42,58,57,yes
Kendrick,Charnock,63,F,17,3,yes,yes,yes,45,35,38,38,67,62,yes
Christopher,Moniker,71,M,18,1,yes,no,no,48,48,52,35,48,59,yes
Noe,Grimsdale,62.75,M,19,2,no,no,no,55,43,52,47,58,58,yes
Wenonah,Chesworth,57.5,M,17,2,yes,yes,no,33,46,48,58,48,61,no
Rhona,Claye,59.5,M,18,1,no,no,no,56,38,42,35,36,50,no
Rockey,Foli,67,M,19,1,yes,no,no,37,38,44,43,40,57,yes
Rex,Wixon,65.5,M,17,2,yes,yes,yes,51,41,41,37,67,55,yes
Geoffrey,Roullier,70,F,18,2,yes,no,no,46,38,38,43,57,56,yes
Willey,Riepel,48.75,F,17,2,yes,yes,yes,61,43,54,46,47,57,yes
Guthrie,Gloster,42,F,17,2,no,no,no,61,57,41,38,49,54,yes
Charlot,Kollas,54,M,18,1,no,no,no,58,41,67,40,45,55,yes
Kenneth,Featherstone,88,F,18,3,no,no,no,53,36,42,42,39,60,yes
Langsdon,Yakolev,92.5,F,18,2,no,no,no,48,43,56,52,39,46,yes
Hillary,Donavan,49.5,M,18,2,no,no,yes,41,39,55,46,44,41,no
Muffin,Faragher,53.5,F,18,2,yes,no,no,60,37,33,44,37,55,no
Gratia,Caulwell,56.5,F,17,2,yes,yes,yes,45,47,40,43,67,58,yes
Emyle,Rois,74.5,F,17,2,no,no,no,44,49,41,37,47,55,yes
Sigismond,Scotchforth,76,M,18,2,yes,yes,no,46,43,30,42,47,58,yes
Agathe,Harby,89,M,18,3,no,yes,no,36,39,38,48,50,56,yes
Julio,Archell,81.5,F,17,1,yes,yes,no,57,50,40,39,45,53,yes
Jesus,Renner,82,F,18,1,yes,yes,no,42,50,49,51,37,51,yes
Osborn,Beals,49,F,18,2,yes,yes,no,52,47,76,35,50,59,yes
Peadar,Orrett,55,F,19,2,no,no,yes,54,44,67,41,67,44,yes
Brandon,Iddens,49,M,18,1,yes,yes,yes,42,42,36,37,20,60,no
Colette,Hall,61,F,17,3,no,no,yes,37,56,55,44,57,60,yes
Frederick,Radford,67,F,17,1,no,no,yes,50,41,42,38,58,41,yes
Cynthia,Deighan,76.5,F,18,3,no,no,no,53,37,41,34,19,57,no
Madison,Tidgewell,54,F,18,3,no,no,no,52,33,33,40,66,58,no
Selestina,Lapsley,60.25,F,20,3,yes,yes,no,47,46,35,38,66,44,yes
Alvie,O'Gavin,63,F,18,2,no,yes,yes,44,47,47,56,35,49,yes
Vaughn,Margarson,71,F,18,2,no,yes,no,46,64,54,67,86,50,yes
Melisenda,Burnsides,62.75,F,17,2,yes,yes,yes,46,38,37,36,56,55,yes
Aurore,Tomasian,57.5,M,18,2,no,yes,yes,57,37,42,35,67,57,yes
Parrnell,Kaminski,59.5,M,18,1,no,no,yes,45,37,37,38,62,57,yes
Beatrix,Clemo,67,M,17,2,no,no,yes,51,39,39,43,56,44,yes
Hugibert,James,65.5,M,19,1,no,no,no,46,36,46,40,38,36,yes
Valle,Semon,70,M,18,1,no,yes,no,37,45,39,67,57,58,yes
Kessia,Escritt,48.75,F,18,3,no,yes,no,57,40,41,86,50,42,yes
Esteban,Quinnell,42,F,18,1,yes,yes,yes,38,41,36,38,87,45,yes
Kaia,Varrow,54,F,19,3,no,no,yes,37,37,37,34,32,60,no
Elisabet,Guthrie,88,F,18,2,yes,yes,no,55,37,33,35,67,50,no
Callean,Turford,92.5,F,18,2,no,no,yes,33,45,41,36,56,45,no
Krisha,Jery,49.5,M,20,2,yes,yes,no,55,39,35,36,56,57,yes
Jyoti,Corke,53.5,M,17,1,no,no,no,44,40,39,36,45,38,yes
Danie,Farland,56.5,M,21,1,no,no,no,45,33,28,37,20,54,no
Leonerd,Glaysher,74.5,M,18,1,no,no,no,34,35,34,34,22,56,no
Rois,Shinner,76,M,19,1,no,no,no,44,35,35,35,9,48,no
Saleem,Biasi,89,M,18,1,yes,yes,no,55,35,43,35,15,46,no
Elayne,Meriott,81.5,F,18,2,yes,no,no,42,31,33,33,21,58,no
Hartwell,Iacovo,82,M,17,1,no,yes,no,39,42,42,44,16,33,no
Opaline,Thunders,49,F,17,3,yes,yes,no,38,37,44,33,31,35,no
Abbe,Heale,55,F,17,4,yes,yes,yes,60,53,64,49,50,71,yes
Henrie,Bryceson,49,M,19,2,yes,no,yes,60,61,55,65,48,69,yes
Stormie,Keates,61,F,18,2,yes,yes,yes,62,60,48,56,58,69,yes
Quentin,McGrey,67,M,20,1,no,no,yes,50,64,62,55,39,64,yes
Ivor,Quipp,76.5,M,19,1,yes,yes,no,57,65,58,51,46,58,yes
Randi,Hawney,54,M,19,2,no,no,yes,63,49,45,62,47,68,yes
Roberta,Yeldon,60.25,F,19,2,yes,no,yes,54,61,57,55,56,61,yes
Lauritz,Connealy,63,F,19,2,no,no,yes,61,62,63,63,39,68,yes
Gretal,Collacombe,71,F,19,2,yes,no,no,53,57,58,49,46,61,yes
Mirna,Deavall,62.75,M,19,2,no,no,no,62,55,53,47,54,58,yes
Noell,Dolman,57.5,F,19,2,yes,yes,no,54,59,51,50,39,68,yes
Shaun,Arnason,59.5,F,19,3,no,no,no,55,51,56,70,51,64,yes
Chickie,Bumpass,67,F,19,3,no,no,no,65,58,56,55,77,65,yes
Camey,Keefe,65.5,F,18,2,yes,yes,yes,55,59,62,41,35,67,yes
Ethelred,Vasyagin,70,F,18,3,yes,yes,yes,55,49,60,59,37,59,yes
Weidar,Kann,48.75,F,17,3,yes,yes,yes,67,55,59,50,39,56,yes
Den,Jantel,42,F,18,2,yes,yes,no,56,49,65,68,35,70,yes
Andee,Lamplugh,54,M,18,1,yes,yes,no,58,52,55,71,44,65,yes
Whitaker,Brockie,88,M,18,1,no,no,no,45,60,64,51,36,62,yes
Hyacintha,Swayland,92.5,F,18,3,no,no,no,65,52,54,63,35,67,yes
Myles,Frossell,49.5,F,18,2,no,no,no,60,58,57,66,39,54,yes
Torin,Gouck,53.5,M,18,2,no,no,yes,55,51,48,60,34,61,no
Roderick,Fotheringham,56.5,F,18,2,yes,no,no,65,56,48,52,54,64,yes
Rainer,Pail,74.5,F,17,2,yes,yes,yes,67,48,48,50,42,72,yes
Teresita,Bicker,76,F,17,2,no,no,no,60,52,51,55,48,58,yes
Prudi,Pawlett,89,M,18,2,yes,yes,no,60,51,56,50,35,67,yes
Darby,Suett,81.5,M,18,3,no,yes,no,47,56,57,57,45,64,yes
Alejoa,Shurrocks,82,F,17,1,yes,yes,no,65,53,56,56,32,68,yes
Heriberto,Feedome,49,F,18,1,yes,yes,no,58,47,57,67,39,47,yes
Rhonda,Fenimore,55,F,18,2,yes,yes,no,60,58,57,42,56,60,yes
Padraig,Sego,49,F,19,2,no,no,yes,60,37,56,53,39,66,yes
Blinny,Itzig,61,M,18,1,yes,yes,yes,67,52,60,62,67,64,no
Conni,Reany,67,F,17,3,no,no,yes,65,50,50,54,64,61,yes
Pierce,Klimashevich,76.5,F,17,1,no,no,yes,60,57,54,48,76,59,yes
Sharline,Strudwick,54,F,18,3,no,no,no,57,52,54,65,43,62,yes
Dominique,Greiswood,60.25,F,18,3,no,no,no,54,52,59,53,41,56,yes
Davide,Rodell,63,F,20,3,yes,yes,no,60,57,46,54,44,63,yes
Gabe,Staynes,71,F,18,2,no,yes,yes,64,49,44,51,38,58,yes
Leila,Whistan,62.75,F,18,2,no,yes,no,53,61,54,51,67,63,yes
Hatti,Eyles,57.5,M,18,1,no,no,no,61,51,49,49,35,63,yes
Port,Wesgate,59.5,F,18,3,no,no,no,58,39,56,55,67,65,yes
Naoma,Hopfner,67,F,18,2,no,no,no,48,54,58,44,47,60,yes
Kelby,Ronisch,65.5,M,18,2,no,no,yes,60,49,49,50,42,53,no
April,Crowder,70,F,18,2,yes,no,no,65,46,49,47,56,64,yes
Petr,Ganny,48.75,F,17,2,yes,yes,yes,60,53,53,59,76,55,yes
Shari,Krikorian,42,F,17,2,no,no,no,70,48,43,58,38,59,yes
Marje,Dennington,54,M,18,2,yes,yes,yes,56,54,47,50,40,60,yes
Emmery,Lorenzetto,88,F,18,2,yes,no,no,62,52,55,61,67,60,no
Casey,Eymer,92.5,F,19,2,yes,yes,yes,55,57,58,43,46,60,yes
Bennie,Cobson,49.5,F,18,4,yes,yes,yes,58,55,46,59,28,59,yes
Ximenez,Bang,53.5,F,18,2,yes,yes,no,53,63,54,59,87,51,yes
Tanhya,Goldsby,56.5,M,17,2,yes,yes,yes,64,58,53,42,36,58,yes
Rube,Mowat,74.5,F,17,2,yes,yes,no,55,55,56,46,37,59,yes
Isaiah,Eberst,76,F,17,2,yes,yes,no,52,59,47,54,35,63,yes
Kellby,Grzeskowski,89,F,18,2,no,no,no,61,51,49,60,38,69,no
Edsel,Fishpool,81.5,M,18,1,no,yes,yes,72,52,55,53,77,52,yes
Roger,Cunah,82,F,18,2,yes,no,yes,51,57,49,43,46,69,yes
Filberto,McElree,49,M,18,1,no,yes,yes,42,63,58,47,75,55,yes
Aleece,Tick,55,M,17,1,no,yes,yes,63,58,54,42,56,62,yes
Ofella,McClenan,49,M,17,1,no,no,no,66,58,52,57,67,65,yes
Chelsae,Rimmer,61,F,18,4,yes,yes,yes,57,54,57,52,45,67,yes
Galen,Longhi,67,F,18,2,no,no,yes,51,49,43,65,56,50,yes
Torrence,Mobley,76.5,F,17,2,yes,no,no,53,49,52,57,56,61,yes
Stillman,Arnaut,54,M,17,2,no,yes,no,52,40,58,62,44,57,yes
Starlin,Shurmer,60.25,F,18,3,yes,yes,no,56,50,49,57,49,64,yes
Kevan,Elwell,63,M,18,2,yes,yes,yes,62,53,45,52,86,53,yes
Horton,Yukhnini,71,F,18,2,yes,no,no,63,50,40,54,54,67,no
Dara,Ferrier,62.75,F,19,2,yes,yes,yes,55,47,45,48,74,59,yes
Gianni,Rodder,57.5,F,18,4,yes,yes,yes,66,52,43,45,76,67,yes
Vite,Phethean,59.5,F,18,2,yes,yes,no,61,44,56,55,36,56,yes
Erinna,Brotherhed,67,M,17,2,yes,yes,yes,58,50,51,46,76,66,yes
Jacquenetta,Milesop,65.5,F,17,2,yes,yes,no,48,39,42,51,42,59,yes
Brent,Cowlam,70,F,17,2,yes,yes,no,57,42,53,52,40,64,yes
Angil,Perillo,48.75,F,18,2,no,no,no,57,54,49,45,35,65,no
Lisle,Nugent,42,M,18,3,yes,yes,no,58,47,56,53,75,59,yes
Maryrose,Schlagtmans,54,F,17,3,yes,yes,yes,65,51,51,37,36,62,yes
Clareta,Feldhorn,88,M,18,1,yes,no,no,53,50,52,56,65,69,yes
Towny,Syce,92.5,M,19,2,no,no,no,65,42,35,46,36,66,yes
Dalli,Cottham,49.5,M,17,2,yes,yes,no,51,46,56,57,28,47,yes
Hussein,Linnitt,53.5,M,18,1,no,no,no,55,59,40,51,76,61,no
Gayleen,Vardy,56.5,M,19,1,yes,no,no,63,51,52,51,75,68,yes
Dannie,Laimable,74.5,M,17,2,yes,yes,yes,55,47,47,49,64,66,yes
Zed,Spratling,76,F,18,2,yes,no,no,53,53,41,44,46,60,yes
Jeremiah,Kohlerman,89,F,17,2,yes,yes,yes,51,48,40,47,44,58,yes
Dietrich,Amys,81.5,F,17,2,no,no,no,45,38,58,52,41,59,yes
Heinrik,Kilfoyle,82,M,18,1,no,no,no,55,51,38,45,41,57,yes
Annadiane,Moakson,49,F,18,3,no,no,no,56,45,45,45,38,51,yes
Linn,Crang,55,F,18,2,no,no,no,60,40,53,57,39,56,yes
Saundra,Hansed,49,M,18,2,no,no,yes,51,48,44,46,39,52,no
Karyl,Horburgh,61,F,18,2,yes,no,no,58,42,57,51,35,53,yes
Barnabe,Monkhouse,67,F,17,2,yes,yes,yes,63,38,51,48,39,62,yes
Meredeth,Greasley,76.5,F,17,2,no,no,no,54,53,53,45,39,58,yes
Pam,Crannage,54,M,18,2,yes,yes,no,51,42,46,43,64,63,yes
Matty,Mussard,60.25,M,18,3,no,yes,no,54,43,41,50,58,57,yes
Nessa,Norris,63,F,17,1,yes,yes,no,57,48,44,43,35,49,yes
Alyce,Mewhirter,71,F,18,1,yes,yes,no,60,48,45,40,65,52,yes
Cecilio,Turneux,62.75,M,18,3,yes,yes,no,50,36,55,42,56,48,yes
Nona,Arunowicz,57.5,F,17,3,yes,yes,yes,65,42,51,47,75,57,yes
Stanislaw,Gilks,59.5,M,18,1,yes,no,no,62,60,37,52,74,56,yes
Kirby,Ridgway,67,M,19,2,no,no,no,52,49,49,40,48,60,no
Hermina,Allard,65.5,M,17,2,yes,yes,no,51,44,54,46,65,56,no
Christie,Whyffen,70,F,17,4,yes,yes,yes,57,36,48,39,38,61,yes
Melinde,Ogers,48.75,M,19,2,yes,no,yes,56,34,48,58,28,55,no
Cheri,O'Loghlen,42,F,18,2,yes,yes,yes,57,44,43,44,31,60,no
Aida,Ashenhurst,54,M,20,1,no,no,yes,58,51,34,53,22,53,no
Richmound,Davitashvili,88,M,19,1,yes,yes,no,55,58,44,37,20,60,yes
Angel,McEachern,92.5,M,19,2,no,no,yes,57,42,39,42,29,65,no
Stephannie,Cabrara,49.5,F,19,2,yes,no,yes,58,55,39,46,44,60,yes
Ingrim,McNeillie,53.5,F,19,2,no,no,yes,51,40,41,46,45,47,yes
Noach,Wiggam,56.5,F,19,2,yes,no,no,55,38,45,37,42,55,yes
Errick,Charters,74.5,M,19,2,no,no,no,57,51,36,48,29,48,no
Winfred,Sextie,76,F,19,2,yes,yes,no,61,37,49,58,45,47,yes
Corenda,Sirr,89,F,19,3,no,no,no,98,93,95,97,98,77,yes
Katerina,Burnip,81.5,F,19,3,no,no,no,53,37,50,43,44,46,no
Murdoch,Lewins,82,F,18,2,yes,yes,yes,52,49,40,40,46,48,yes
Allard,Coveny,49,F,18,3,yes,yes,yes,52,35,55,49,67,58,yes
Fredi,De Courtney,55,F,17,3,yes,yes,yes,56,51,45,37,57,49,yes
Abbe,Sandars,49,F,18,2,yes,yes,no,50,40,38,35,54,56,yes
Donn,Pietersma,61,M,18,1,yes,yes,no,45,47,66,45,68,64,yes
Aaron,Banford,67,M,18,1,no,no,no,53,38,42,41,29,52,no
Elsworth,Jerzyk,76.5,F,18,3,no,no,no,60,39,51,50,67,53,yes
Robinson,Parrett,54,F,18,2,no,no,no,41,48,44,39,36,50,no
Steffi,Jacobssen,60.25,M,18,2,no,no,yes,40,36,55,53,35,52,no
Jenine,Haggata,63,F,18,2,yes,no,no,50,42,37,40,43,57,yes
Mellie,Glander,71,F,17,4,yes,yes,yes,42,39,37,36,67,55,yes
Abbot,Heckney,62.75,M,19,2,yes,no,yes,41,51,35,53,55,56,yes
Celene,Hann,57.5,F,18,2,yes,yes,yes,78,57,89,48,56,45,yes
Maribelle,Darinton,59.5,M,20,1,no,no,yes,40,50,49,54,67,56,yes
Theodore,Titterrell,67,M,19,1,yes,yes,no,68,65,45,58,44,54,yes
Mortie,Darke,65.5,M,19,2,no,no,yes,57,36,48,39,38,61,yes
Dannel,Nockles,70,F,19,2,yes,no,yes,56,44,48,58,45,55,yes
Pierre,Kail,48.75,F,18,3,no,no,no,57,44,43,44,31,60,no
Nicolas,Jiri,42,F,18,2,no,no,no,58,51,34,53,22,53,no
Linell,Alexis,54,M,18,2,no,no,yes,55,58,44,37,20,60,no
Cordi,Mackrell,88,F,18,2,yes,no,no,57,42,39,42,29,65,no
Moises,Gronou,92.5,F,17,2,yes,yes,yes,58,45,39,46,44,60,yes
Sheffie,Manuello,49.5,F,17,2,no,no,no,51,40,41,46,27,47,no
Kelley,Glencross,53.5,M,18,2,yes,yes,no,55,38,45,37,42,55,yes
Bran,Leatherborrow,56.5,M,18,3,no,yes,no,57,51,36,48,56,48,yes
Becky,Yellop,74.5,F,17,1,yes,yes,no,61,37,49,58,67,47,yes
Hayward,Eagleton,76,F,18,1,yes,yes,no,58,43,56,45,67,59,yes
Cal,Hospital,89,M,18,3,yes,yes,no,53,37,50,43,44,46,yes
Georgie,Blant,81.5,F,17,3,yes,yes,yes,52,49,40,40,29,48,no
Ursulina,Mathys,82,M,18,1,yes,no,no,52,35,55,49,23,58,no
Zeb,Dulin,49,M,19,2,no,no,no,56,51,45,37,18,49,no
Reuben,Blaske,55,M,17,2,yes,yes,no,50,40,38,35,38,56,yes
Martita,Merrifield,49,F,17,4,yes,yes,yes,45,47,45,45,49,64,yes
Abran,Gilogly,61,M,19,2,yes,no,yes,53,38,42,41,78,52,yes
Jeffie,Lethabridge,67,F,18,2,yes,yes,yes,60,39,51,39,67,53,yes
Kyla,Gedge,76.5,M,20,1,no,no,yes,41,48,44,39,36,50,yes
Wallas,Gammage,54,M,19,1,yes,yes,no,40,36,55,53,35,52,yes
Rayshell,Soan,60.25,M,19,2,no,no,yes,50,42,37,40,78,57,yes
Fabio,Catonne,63,F,19,2,yes,no,yes,42,32,37,34,89,55,no
Gaston,Lydiatt,71,F,19,2,no,no,yes,41,32,35,33,15,56,no
Garnet,Zecchini,62.75,F,19,2,yes,no,no,64,60,64,60,34,68,no
Alistair,Franzewitch,57.5,M,19,2,no,no,no,56,63,59,63,49,64,yes
Brander,Golling,59.5,F,19,2,yes,yes,no,56,65,57,58,54,70,yes
Cleon,Wycherley,67,F,19,3,no,no,no,70,59,59,54,42,62,yes
Zsa zsa,Akroyd,65.5,F,19,3,no,no,no,65,63,55,54,48,60,yes
Eldin,Jados,70,M,16,2,yes,yes,yes,63,61,59,59,43,64,yes
Tarrance,Shuxsmith,48.75,M,16,2,no,no,no,64,61,53,59,41,60,yes
Edee,Tarling,42,F,17,2,yes,no,no,62,52,62,60,41,63,yes
Phylis,Hogbin,54,M,15,2,yes,yes,no,60,66,62,58,67,61,yes
Hyman,Gorce,88,M,15,2,yes,yes,yes,64,58,56,62,36,63,yes
Brigida,Ivakhnov,92.5,F,15,2,yes,yes,no,72,61,54,56,53,58,yes
Mufi,Bockett,49.5,F,15,3,yes,no,yes,58,55,64,55,42,68,yes
Margie,Redmille,53.5,M,15,1,yes,yes,yes,60,50,61,66,38,71,yes
Rasla,Rochford,56.5,M,15,2,yes,yes,no,57,59,54,60,44,67,yes
Redd,Bener,74.5,M,15,3,yes,no,no,71,58,62,67,34,68,no
Almeta,Fellis,76,F,16,1,yes,no,no,53,38,42,41,29,52,no
Pru,Hotchkin,89,F,16,3,yes,yes,yes,60,39,51,30,31,53,no
Oates,Dugget,81.5,F,16,2,yes,no,yes,41,48,44,39,36,50,yes
Nancey,Rattrie,82,M,17,1,yes,no,yes,40,36,55,53,35,52,yes
Clarette,Stallion,49,M,16,1,no,yes,yes,50,42,37,40,13,57,no
Jesse,Kubczak,55,M,15,2,no,no,no,42,32,37,34,19,55,no
Nadiya,Antosch,49,M,15,1,yes,yes,no,41,32,35,33,66,56,no
Consuela,Leaning,61,M,16,2,no,no,yes,78,57,89,48,56,45,yes
Kearney,Bleas,67,M,16,2,yes,no,yes,40,50,49,54,67,56,yes
Hermon,Leeson,76.5,F,15,3,yes,yes,yes,68,65,45,58,44,54,yes
Quintin,Sawkins,54,F,16,1,yes,yes,no,57,36,48,39,38,61,yes
Nate,Headland,60.25,M,15,1,yes,yes,no,56,34,48,58,76,55,yes
Donavon,Salsberg,63,M,15,1,no,yes,no,57,44,43,44,31,60,no
Chevy,Eves,71,M,16,1,no,no,yes,58,51,34,53,22,53,no
Padriac,Georger,62.75,M,16,2,yes,yes,yes,55,58,44,37,45,60,yes
Jammal,Grigor,57.5,M,15,2,yes,yes,no,57,42,39,42,46,65,yes
Maude,Grastye,59.5,M,15,2,yes,no,yes,58,40,39,46,44,60,yes
Terry,Dinis,67,M,15,2,yes,no,yes,51,40,41,46,56,47,yes
Josi,Chapell,65.5,M,19,2,no,no,no,55,38,45,37,42,55,yes
Marleen,Carley,70,M,17,1,no,no,no,60,39,51,30,31,53,no
Shani,Fortnam,48.75,F,17,4,yes,yes,yes,80,87,88,99,90,70,yes
Worthington,Barabisch,42,M,19,2,yes,no,yes,57,44,43,44,66,60,yes
Annelise,Mablestone,54,F,18,2,yes,yes,yes,60,39,51,67,88,53,yes
Conrad,Bonhill,88,M,20,1,no,no,yes,93,98,90,95,99,92,yes
Andrei,Gorringe,92.5,M,19,1,no,no,no,30,20,51,30,31,53,no
Wadsworth,Hiskey,49.5,M,19,2,no,no,yes,41,48,44,39,36,50,yes
Connor,Hanlin,53.5,F,19,2,yes,no,yes,60,39,51,55,41,53,yes
Rockey,Ashfield,56.5,F,19,2,no,no,yes,57,44,43,44,66,60,yes
Pandora,Lanegran,74.5,F,19,2,yes,no,no,51,55,43,47,40,40,no
Gayelord,Gai,76,M,19,2,no,no,no,53,38,42,41,44,52,yes
Jerrie,Aberdeen,89,F,19,2,yes,yes,no,60,39,51,45,88,53,yes
Jarret,Damiata,81.5,F,19,3,no,no,no,41,48,44,39,36,50,yes
Inness,Santhouse,82,F,19,3,no,no,no,40,36,55,53,35,52,yes
Valery,Durtnal,49,F,18,2,yes,yes,yes,50,42,37,40,50,57,yes
Sammy,Prest,55,F,18,3,yes,yes,yes,89,90,67,78,88,90,yes
Gennifer,Crux,49,F,17,3,yes,yes,yes,41,89,35,56,66,56,yes
Charmain,Mellonby,61,M,15,3,yes,no,no,78,57,89,48,56,45,yes
Ansell,Brim,67,F,16,1,yes,no,no,40,50,49,54,67,56,yes
Hedi,Iredell,76.5,F,16,3,yes,yes,yes,68,65,45,58,44,54,yes
Berke,Hurley,54,F,16,2,yes,no,yes,57,36,48,39,38,61,yes
Boycie,Massy,60.25,M,17,1,yes,no,yes,56,34,48,58,28,55,no
Hesther,Mattiato,63,M,16,1,no,yes,yes,57,44,43,44,89,60,yes
Pren,Dorin,71,M,15,2,no,no,no,58,51,34,53,22,53,no
Katrina,Badsworth,62.75,M,15,1,yes,yes,no,55,58,44,78,70,60,yes
Marsha,Deluce,57.5,M,16,2,no,no,yes,57,42,39,42,77,65,yes
Angelina,Islep,59.5,M,16,2,yes,no,yes,58,41,39,46,44,60,yes
Virgie,Cathel,67,F,15,3,yes,yes,yes,51,40,41,46,45,47,yes
Correy,Kender,65.5,F,16,1,yes,yes,no,55,38,45,37,42,55,yes
Brendin,Libermore,70,M,15,1,yes,yes,no,61,65,61,62,57,69,yes
Adams,Dunn,48.75,M,15,1,no,yes,no,58,68,62,57,44,66,yes
Larry,Brockelsby,42,M,16,2,yes,no,yes,61,60,54,66,48,62,yes
Kanya,Bontein,54,M,16,2,yes,yes,yes,70,55,57,53,42,62,yes
Morrie,Verman,88,M,15,2,yes,yes,no,52,46,62,65,53,65,yes
Sibeal,Wybrew,92.5,M,15,2,yes,no,yes,66,61,55,58,50,70,yes
Batsheva,Dornin,49.5,M,15,2,yes,no,yes,64,60,64,60,34,68,no
Wake,Meachem,53.5,F,15,2,yes,yes,no,56,63,59,63,49,64,yes
York,Culbert,56.5,F,15,3,yes,no,yes,56,65,57,58,54,70,yes
Harley,Maisey,74.5,M,15,1,yes,yes,yes,70,59,59,54,42,62,yes
Kimberly,Tarborn,76,M,15,2,yes,yes,no,65,63,55,54,48,60,yes
Hertha,Riggoll,89,M,15,3,yes,no,no,63,61,59,59,43,64,yes
Konstantine,Stanworth,81.5,F,16,1,yes,no,no,64,61,53,59,41,60,yes
Enriqueta,Breznovic,82,F,16,3,yes,yes,yes,62,52,62,60,41,63,yes
Loise,Wittier,49,F,16,2,yes,no,yes,60,66,62,58,77,61,yes
Bernardo,Chaldecott,55,M,17,1,yes,no,yes,64,58,56,62,36,63,yes
Michael,Brabyn,49,M,16,1,no,yes,yes,72,61,54,56,53,58,yes
Linell,Dunseith,61,M,15,2,no,no,no,58,55,64,55,42,68,yes
Konstance,O'Grada,67,M,15,1,yes,yes,no,60,50,61,66,38,71,yes
Georgie,Bendson,76.5,M,16,2,no,no,yes,64,58,56,62,36,63,yes
Kit,Dudson,54,M,16,2,yes,no,yes,72,61,54,56,53,58,yes
Rupert,Cragell,60.25,F,15,3,yes,yes,yes,58,55,64,55,42,68,yes
Poul,Kuzma,63,F,16,1,yes,yes,no,60,50,61,66,38,71,yes
Warde,Riepl,71,M,15,1,yes,yes,no,57,59,54,60,44,67,yes
Mannie,Chrystie,62.75,M,15,1,no,yes,no,71,58,62,67,34,68,no
Rossie,Palfrey,57.5,M,19,2,no,no,no,56,69,63,65,41,58,yes
Phebe,Domerq,59.5,M,17,2,yes,yes,no,53,57,51,52,43,71,yes
Milli,Gamlin,67,F,17,4,yes,yes,yes,63,52,41,62,42,71,yes
Quinton,Gunning,65.5,M,19,2,yes,no,yes,55,53,58,56,47,61,yes
Lusa,Streeten,70,F,18,2,yes,yes,yes,62,52,55,61,47,63,yes
Evaleen,Gormally,48.75,M,20,1,no,no,yes,64,48,60,58,31,60,no
Terry,Walentynowicz,42,M,19,1,yes,yes,no,48,61,54,53,38,64,yes
Pauletta,Ivanitsa,54,M,19,2,no,no,yes,54,62,52,54,42,60,yes
Rochester,Astridge,88,F,19,2,yes,no,yes,67,57,61,61,38,69,yes
Bradan,Vondracek,92.5,F,19,2,no,no,yes,58,54,59,62,47,69,yes
Viki,Owtram,49.5,F,19,2,yes,no,no,61,50,64,65,50,61,no
Claire,Riggey,53.5,M,19,2,no,no,no,53,57,59,69,49,66,yes
Aurea,Longea,56.5,F,19,2,yes,yes,no,61,56,47,60,43,69,yes
Paton,Quinton,74.5,F,19,3,no,no,no,58,49,56,56,48,62,yes
Humberto,Elson,76,F,19,3,no,no,no,60,56,58,44,42,60,yes
Dulciana,Crecy,89,F,18,2,yes,yes,yes,54,56,58,56,40,60,yes
Mervin,Liveley,81.5,F,18,3,yes,yes,yes,52,56,55,56,38,69,yes
Russ,Ramme,82,F,17,3,yes,yes,yes,55,54,65,46,41,61,yes
Elinor,Giacomozzo,49,M,19,2,no,no,no,57,50,63,61,51,66,yes
Lorraine,Tomowicz,55,M,17,2,yes,yes,no,60,56,59,55,42,70,yes
Nero,Lechelle,49,F,17,4,yes,yes,yes,62,53,51,64,40,59,yes
Pen,Lory,61,M,19,2,yes,no,yes,53,54,61,49,38,61,yes
Alis,Breeder,67,F,18,2,yes,yes,yes,64,48,55,56,39,55,yes
Gerrie,McCrostie,76.5,M,20,1,no,no,yes,65,53,60,50,20,56,no
Boot,Leynton,54,M,19,1,yes,yes,no,66,49,53,65,41,61,yes
Trenton,Figgs,60.25,M,19,2,no,no,yes,67,48,56,62,49,47,yes
Lewiss,Ailward,63,F,19,2,yes,no,yes,61,51,51,66,45,61,yes
Maryanna,Whiles,71,F,19,2,no,no,yes,65,70,75,71,80,78,yes
Christian,Dumigan,62.75,F,19,2,yes,no,no,36,49,29,35,41,29,no
Maxi,Bloodworth,57.5,M,19,2,no,no,no,61,56,47,60,43,69,yes
Rutherford,Allanson,59.5,F,19,2,yes,yes,no,58,49,56,56,48,62,yes
Carly,Clilverd,67,F,19,3,no,no,no,60,56,58,44,42,60,yes
Anet,O'Towey,65.5,F,19,3,no,no,no,54,56,58,56,40,60,yes
Kelsey,Targe,70,F,18,2,yes,yes,yes,52,56,55,56,38,69,yes
Fleur,Blaber,48.75,F,18,3,yes,yes,yes,55,54,65,46,41,61,yes
Zachery,Webermann,42,F,17,3,yes,yes,yes,57,50,63,61,51,66,yes
Kylila,Pumphreys,54,M,15,2,yes,yes,no,60,56,59,55,42,70,yes
Nonnah,McKeggie,88,M,15,2,yes,no,yes,62,53,51,64,40,59,yes
Pippy,Lambourne,92.5,M,15,2,yes,no,yes,53,54,61,49,38,61,yes
Fidel,Mannix,49.5,F,15,2,yes,yes,no,64,48,55,56,39,55,yes
Merralee,Trenouth,53.5,F,15,3,yes,no,yes,65,53,60,50,55,56,yes
Marrissa,Gooddy,56.5,M,15,1,yes,yes,yes,66,49,53,65,41,61,yes
Bryant,Swatheridge,74.5,M,15,2,yes,yes,no,67,48,56,62,49,47,yes
Estell,Werrilow,76,M,15,3,yes,no,no,61,51,51,66,32,61,no
Taite,Gamage,89,F,16,1,yes,no,no,65,70,75,71,80,78,yes
Sigmund,Gillani,81.5,F,16,3,yes,yes,yes,36,49,29,35,41,77,yes
Wenona,Moody,82,F,16,2,yes,no,yes,61,56,47,60,43,69,yes
Cordy,Blurton,49,M,17,1,yes,no,yes,58,49,56,56,48,62,yes
Alexa,Iorns,55,M,16,1,no,yes,yes,60,56,58,44,42,60,yes
Alexis,Spitaro,49,M,15,2,no,no,no,54,56,58,56,40,60,yes
Wernher,Beville,61,M,15,1,yes,yes,no,52,56,55,56,38,69,yes
Danya,Rossin,67,M,16,2,no,no,yes,55,54,65,46,41,61,yes
Udall,Chrystal,76.5,M,16,2,yes,no,yes,57,50,63,61,51,66,yes
Elvis,Holdren,54,F,15,3,yes,yes,yes,60,56,59,55,42,70,yes
Isa,Levins,60.25,F,16,1,yes,yes,no,62,53,51,64,40,59,yes
Jule,Bartaloni,63,M,15,1,yes,yes,no,53,54,61,49,38,61,yes
Randie,Kirsop,71,M,15,1,no,yes,no,64,48,55,56,39,55,yes
Herc,Kitchinham,62.75,M,15,2,yes,yes,no,65,53,60,50,45,56,yes
Salomone,Spottiswoode,57.5,M,15,2,yes,no,yes,66,49,53,65,41,61,yes
Duncan,Kivlehan,59.5,M,15,2,yes,no,yes,67,48,56,62,49,47,yes
Nonah,Tolomei,67,F,15,2,yes,yes,no,61,51,51,66,56,61,yes
Lishe,Kinchlea,65.5,F,15,3,yes,no,yes,65,70,75,71,80,78,yes
Dominic,Petrashov,70,M,15,1,yes,yes,yes,36,49,66,35,41,67,yes
Eduino,Fenlon,48.75,M,15,2,yes,yes,no,53,57,59,69,49,66,yes
Marsha,Wickey,42,M,15,3,yes,no,no,61,56,47,60,43,69,yes
Sharai,Lyvon,54,F,16,1,yes,no,no,58,49,56,56,48,62,yes
Gustavo,Westgarth,88,F,16,3,yes,yes,yes,60,56,58,44,42,60,yes
Vilhelmina,Melbert,92.5,F,16,2,yes,no,yes,54,56,58,56,40,60,yes
Danette,Chateau,49.5,M,17,1,yes,no,yes,52,56,55,56,38,69,yes
Simon,Annetts,53.5,M,16,1,no,yes,yes,55,54,65,46,37,61,yes
Max,Dudliston,56.5,M,15,2,no,no,no,57,50,63,61,51,66,yes
Maddy,Bolding,74.5,M,15,1,yes,yes,no,60,56,59,55,42,70,yes
Lennie,Fryatt,76,M,16,2,no,no,yes,62,53,51,64,40,59,yes
Peadar,Trevethan,89,M,19,2,no,no,no,53,54,61,49,38,61,yes
Pietrek,Ferrero,81.5,M,17,2,yes,yes,no,64,48,55,56,39,55,yes
Winifred,Dumphrey,82,F,17,4,yes,yes,yes,65,53,60,50,45,56,yes
Gertrude,Breedy,49,M,19,2,yes,no,yes,66,49,53,65,41,61,yes
Jenni,Everleigh,55,F,18,2,yes,yes,yes,67,48,56,62,49,47,yes
Brnaba,Snoxall,49,M,20,1,no,no,yes,61,51,51,66,67,61,yes
Connie,Stannard,61,M,19,1,yes,yes,no,50,57,57,54,48,66,yes
Lanette,Sangra,67,M,19,2,no,no,yes,57,53,57,46,39,65,yes
Celka,Kordas,76.5,F,19,2,yes,no,yes,56,61,57,59,50,64,yes
Neddy,Dougary,54,F,19,2,no,no,yes,58,63,45,55,49,64,yes
Clarance,Klugel,60.25,F,19,2,yes,no,no,53,57,55,51,36,67,no
Gayle,Bartoletti,63,M,19,2,no,no,no,58,57,56,54,49,59,yes
Rosalia,Free,71,F,19,2,yes,yes,no,60,58,54,56,44,70,yes
Farleigh,Wellington,62.75,F,19,3,no,no,no,70,59,59,54,42,62,yes
Wyatt,Thaw,57.5,F,19,3,no,no,no,65,63,55,54,48,60,yes
Ann-marie,Lester,59.5,F,18,2,yes,yes,yes,63,61,59,59,43,64,yes
Corenda,Poli,67,F,18,3,yes,yes,yes,64,61,53,59,41,60,yes
Nicholle,Phear,65.5,F,17,3,yes,yes,yes,62,52,62,60,41,63,yes
Oswald,McGiff,70,M,19,2,no,no,no,60,66,62,58,32,61,no
Granny,Titta,48.75,M,17,2,yes,yes,no,64,58,56,62,36,63,yes
Flora,Mantrup,42,F,17,4,yes,yes,yes,72,61,54,56,53,58,yes
Teresina,Elgar,54,M,19,2,yes,no,yes,58,55,64,55,42,68,yes
Marillin,Aviss,88,F,18,2,yes,yes,yes,60,50,61,66,38,71,yes
Cami,Ledekker,92.5,M,15,2,yes,yes,no,57,59,54,60,44,67,yes
Ailbert,Abramski,49.5,M,15,2,yes,no,yes,71,58,62,67,30,68,no
Del,Yosifov,53.5,M,15,2,yes,no,yes,56,69,63,65,41,58,yes
Duffy,Forge,56.5,F,15,2,yes,yes,no,53,57,51,52,43,71,yes
Phyllis,Streeter,74.5,F,15,3,yes,no,yes,63,52,41,62,42,71,yes
Waylin,Capnor,76,M,15,1,yes,yes,yes,55,53,58,56,47,61,yes
Katharine,Bacup,89,M,15,2,yes,yes,no,62,52,55,61,47,63,yes
Aryn,Coop,81.5,M,15,3,yes,no,no,64,48,60,58,31,60,no
Errick,Bemand,82,F,16,1,yes,no,no,48,61,54,53,38,64,yes
Audi,Gasking,49,F,16,3,yes,yes,yes,54,62,52,54,42,60,yes
Cristabel,Wythill,55,F,16,2,yes,no,yes,67,57,61,61,38,69,yes
Rustie,Regan,49,M,17,1,yes,no,yes,58,54,59,62,47,69,yes
Adella,Thonason,61,M,16,1,no,yes,yes,61,50,64,65,50,61,yes
Bryn,Snedker,67,M,15,2,no,no,no,53,57,59,69,49,66,yes
Dona,McChruiter,76.5,M,15,1,yes,yes,no,61,56,47,60,43,69,yes
Weidar,Telford,54,M,16,2,no,no,yes,58,49,56,56,48,62,yes
Barb,Barraclough,60.25,M,16,2,yes,no,yes,60,56,58,44,42,60,yes
Gale,Abdey,63,F,15,3,yes,yes,yes,54,56,58,56,40,60,yes
Stevana,Lamplough,71,F,16,1,yes,yes,no,52,56,55,56,38,69,yes
Aylmer,Conklin,62.75,M,15,1,yes,yes,no,55,54,65,46,41,61,yes
Jennica,Phillipson,57.5,M,15,1,no,yes,no,57,50,63,61,51,66,yes
Alwyn,Busk,59.5,M,15,2,yes,yes,no,60,56,59,55,42,70,yes
Jacquelyn,Ketteringham,67,M,15,2,yes,no,yes,62,53,51,64,40,59,yes
Gwenore,Waith,65.5,M,15,2,yes,no,yes,57,53,57,46,39,65,yes
Guy,Pelling,70,F,15,2,yes,yes,no,56,61,57,59,50,64,yes
Chanda,Poore,48.75,F,15,3,yes,no,yes,58,63,45,55,49,64,yes
Max,Tripett,42,M,15,1,yes,yes,yes,53,57,55,51,36,67,yes
Aldrich,Wraggs,54,M,15,2,yes,yes,no,58,57,56,54,49,59,yes
Trever,Gimert,88,M,15,3,yes,no,no,60,58,54,56,44,70,yes
Rochester,Suggett,92.5,F,16,1,yes,no,no,70,59,59,54,42,62,yes
Lloyd,Kibblewhite,49.5,F,16,3,yes,yes,yes,65,63,55,54,48,60,yes
Reeba,Leathem,53.5,F,16,2,yes,no,yes,63,61,59,59,43,64,yes
Travus,Piffe,56.5,M,17,1,yes,no,yes,64,61,53,59,41,60,yes
Darryl,Inworth,74.5,M,16,1,no,yes,yes,62,52,62,60,41,63,yes
Barbie,Feldberger,76,M,15,2,no,no,no,60,66,62,58,32,61,yes
Jackelyn,Blagden,89,M,15,1,yes,yes,no,64,58,56,62,36,63,yes
Nowell,Coney,81.5,M,16,2,no,no,yes,72,61,54,56,53,58,yes
Lilias,Ewbanke,82,M,16,2,yes,no,yes,58,55,64,55,42,68,yes
Ferdie,Sanger,49,F,15,3,yes,yes,yes,60,50,61,66,38,71,yes
El,Quirke,55,F,16,1,yes,yes,no,57,59,54,60,44,67,yes
Woodrow,Abbet,49,M,19,2,no,no,no,71,58,62,67,23,68,no
Rudie,Osan,61,M,17,2,yes,yes,no,56,69,63,65,41,58,yes
Natasha,Cansfield,67,F,17,4,yes,yes,yes,53,57,51,52,43,71,yes
Shannah,Van Dijk,76.5,M,19,2,yes,no,yes,63,52,41,62,42,71,yes
Fremont,Fairfoull,54,F,18,2,yes,yes,yes,61,56,47,60,43,69,yes
Far,McMichael,60.25,M,20,1,no,no,yes,58,49,56,56,48,62,yes
Salmon,Florence,63,M,19,1,yes,yes,no,60,56,58,44,42,60,yes
Katina,Langmuir,71,M,19,2,no,no,yes,54,56,58,56,40,60,yes
Gabi,McGaugey,62.75,F,19,2,yes,no,yes,52,56,55,56,45,69,yes
Hillary,Giraldo,57.5,F,19,2,no,no,yes,55,54,65,46,41,61,yes
Harry,Bussens,59.5,F,19,2,yes,no,no,57,50,63,61,51,66,no
Elia,Trinkwon,67,M,19,2,no,no,no,60,56,59,55,42,70,yes
Murdock,Glenfield,65.5,F,19,2,yes,yes,no,62,53,51,64,40,59,yes
Cary,Ballham,70,F,19,3,no,no,no,57,53,57,46,39,65,yes
Andrea,Taunton,48.75,F,19,3,no,no,no,56,61,57,59,50,64,yes
Eal,M'Chirrie,42,F,18,2,yes,yes,yes,58,63,45,55,49,64,yes
Delcine,Puddle,54,F,18,3,yes,yes,yes,53,57,55,51,36,67,yes
Link,Olexa,88,F,17,3,yes,yes,yes,58,57,56,54,49,59,yes
Sky,Gaynsford,92.5,M,15,2,yes,yes,no,60,58,54,56,44,70,yes
Adelaide,Savil,49.5,M,15,3,yes,no,no,70,59,59,54,42,62,yes
Jyoti,Girdlestone,53.5,F,16,1,yes,no,no,65,63,55,54,48,60,yes
Regan,Broke,56.5,F,16,3,yes,yes,yes,63,61,59,59,43,64,yes
Guenevere,Walkling,74.5,F,16,2,yes,no,yes,64,61,53,59,41,60,yes
Gawen,Gerber,76,M,17,1,yes,no,yes,62,52,62,60,41,63,yes
Deeann,Ayllett,89,M,16,1,no,yes,yes,60,66,62,58,56,61,yes
Malissa,Shanley,81.5,M,15,2,no,no,no,64,58,56,62,20,63,no
Tricia,Emberton,82,M,15,1,yes,yes,no,72,61,54,56,53,58,yes
Colleen,Grisdale,49,M,16,2,no,no,yes,64,58,56,62,12,63,no
Kissee,Rosen,55,M,16,2,yes,no,yes,72,61,54,56,53,58,yes
Elise,Evitts,49,F,15,3,yes,yes,yes,58,55,64,55,42,68,yes
Eddy,Bartoszinski,61,F,16,1,yes,yes,no,60,50,61,66,38,71,yes
Irina,Carlsson,67,M,15,1,yes,yes,no,57,59,54,60,44,67,yes
Reynard,Andrea,76.5,M,15,1,no,yes,no,71,58,62,67,67,68,yes
Dion,Duetschens,54,F,16,1,no,no,yes,56,69,63,65,41,58,yes
Alphonse,Cure,60.25,F,16,3,yes,yes,no,53,57,51,52,43,71,yes
Maximo,Liddel,63,M,16,1,yes,yes,yes,63,52,41,62,42,71,yes
Ruprecht,Draxford,71,M,16,3,yes,no,yes,61,56,47,60,43,69,yes
Archibold,Rowbottam,62.75,M,15,1,yes,no,yes,58,49,56,56,48,62,yes
Baxter,Leathley,57.5,F,15,2,yes,yes,no,60,56,58,44,42,60,yes
Jamil,McGing,59.5,M,15,2,yes,yes,yes,54,56,58,56,40,60,yes
Noemi,Tourot,67,F,15,4,no,no,no,52,56,55,56,38,69,yes
Nehemiah,Seymark,65.5,F,15,4,yes,yes,no,55,54,65,46,41,61,yes
Bambi,Winterbotham,70,M,16,3,yes,no,yes,57,50,63,61,51,66,yes
Lynde,Ducker,48.75,M,15,4,yes,yes,yes,60,56,59,55,42,70,yes
Kevan,Strike,42,F,16,3,yes,yes,yes,62,53,51,64,40,59,yes
Reagen,Crush,54,M,15,1,no,no,yes,57,53,57,46,39,65,yes
Matthiew,Pettegre,88,F,16,3,yes,no,yes,56,61,57,59,50,64,yes
Amata,Jenson,92.5,F,16,2,no,no,yes,58,63,45,55,49,64,yes
Briana,McPake,49.5,M,15,1,no,no,no,53,57,55,51,33,67,no
Raddie,Tansley,53.5,M,15,2,no,no,yes,64,58,56,62,12,63,no
Cindelyn,Rhodes,56.5,M,16,2,yes,no,yes,72,61,54,56,53,58,yes
Jone,Wrefford,74.5,M,15,2,yes,no,yes,58,55,64,55,42,68,yes
Malina,Gilmour,76,M,16,1,no,no,yes,60,50,61,66,22,71,no
Ignaz,Readman,89,M,17,2,yes,no,yes,57,59,54,60,44,67,yes
Mordy,Becraft,81.5,M,15,1,no,no,no,71,58,62,67,34,68,yes
Isidora,Miroy,82,F,15,2,no,no,no,56,69,63,65,41,58,yes
Nancey,Simmings,49,M,15,4,yes,yes,yes,53,57,51,52,43,71,yes
Axel,Pooley,55,F,16,2,yes,yes,yes,63,52,41,62,42,71,yes
Lucio,Bernolet,49,M,16,1,yes,no,yes,55,53,58,56,47,61,yes
Julius,O'Scollee,61,F,16,2,no,yes,no,62,52,55,61,47,63,yes
Kevina,Potte,67,M,15,1,no,no,no,64,48,60,58,22,60,no
Blakelee,Stadden,76.5,F,15,2,no,no,yes,48,61,54,53,38,64,yes
Karlie,Rzehor,54,F,19,2,yes,no,no,54,62,52,54,42,60,no
Zeb,Greim,60.25,M,18,1,yes,no,yes,67,57,61,61,38,69,yes
Laurence,Treske,63,M,16,1,no,yes,yes,58,54,59,62,47,69,yes
Meghan,Lightbourne,71,F,15,3,yes,no,no,61,50,64,65,50,61,yes
Rosemary,Tummasutti,62.75,F,15,1,yes,no,yes,53,57,59,69,49,66,yes
Maxi,Garcia,57.5,F,17,1,yes,no,no,61,56,47,60,43,69,yes
Paola,Argrave,59.5,F,16,1,no,no,no,58,49,56,56,48,62,yes
Turner,Morcomb,67,M,15,2,yes,no,no,60,56,58,44,42,60,yes
Ely,Varne,65.5,F,15,3,yes,no,yes,54,56,58,56,40,60,yes
Wynn,Vaudre,70,M,17,2,no,no,no,52,56,55,56,11,69,no
Angil,Mollin,48.75,F,16,1,yes,no,yes,55,54,65,46,41,61,yes
Ola,Vinick,42,M,16,2,no,no,no,57,50,63,61,51,66,yes
Catarina,McCullum,54,F,15,1,no,no,yes,60,56,59,55,42,70,yes
Cathlene,Boothe,88,M,15,4,yes,no,no,62,53,51,64,40,59,yes
Goddard,Glassborow,92.5,M,16,1,yes,no,yes,53,54,61,49,38,61,yes
Saw,Korous,49.5,F,15,3,yes,yes,yes,64,48,55,56,39,55,yes
Jelene,Denecamp,53.5,F,16,1,no,no,no,65,53,60,50,11,56,no
Diane,Bantham,56.5,M,17,1,yes,no,no,66,49,53,65,41,61,yes
Shannon,Hinckes,74.5,F,15,2,yes,yes,no,67,48,56,62,49,47,yes
Aldous,Meric,76,F,15,2,yes,no,no,61,51,51,66,56,61,yes
Gonzales,Sapir,89,F,15,2,yes,yes,no,50,57,57,54,48,66,yes
Clovis,Cunniam,81.5,M,16,1,yes,no,no,57,53,57,46,39,65,no
Clotilda,Gimbart,82,M,15,1,no,no,no,56,61,57,59,50,64,yes
Meagan,Shrimplin,49,M,18,1,no,no,no,58,63,45,55,49,64,yes
Cilka,McVanamy,55,M,16,1,no,no,yes,53,57,55,51,11,67,no
Ricoriki,Woodage,49,F,15,3,yes,yes,yes,58,57,56,54,49,59,yes
Rianon,Gjerde,61,M,19,1,yes,no,no,60,58,54,56,44,70,yes
Catherine,Benner,67,F,17,1,yes,no,no,60,59,52,59,38,61,yes
Sallee,Tewkesbury.,76.5,M,15,2,no,yes,yes,65,53,57,60,12,67,no
Layla,Ciccarello,54,M,17,1,no,no,no,65,45,52,59,32,60,no
Uriah,Wigfall,60.25,F,18,1,yes,no,yes,51,50,54,60,55,59,yes
Farleigh,Thurstan,63,M,16,1,no,no,no,50,48,57,48,53,58,yes
Dacey,Drohun,71,M,16,2,yes,yes,no,52,62,46,48,40,61,yes
Clerkclaude,Bigg,62.75,M,17,1,no,no,yes,53,57,55,54,41,60,no
Dylan,Goligher,57.5,M,15,2,yes,no,no,63,49,53,53,38,60,yes
Mauricio,Cromie,59.5,M,16,1,no,no,yes,58,49,56,56,48,62,yes
Gifford,Mc Mechan,67,M,17,1,no,no,no,60,56,58,44,11,60,no
Ginnifer,Vyvyan,65.5,M,17,2,no,no,yes,54,56,23,22,40,60,no
Chen,Dumbleton,70,M,16,1,yes,no,yes,52,56,55,56,38,69,yes
Reinold,Whissell,48.75,M,16,2,no,no,no,55,54,65,12,41,11,no
Shelby,Sambals,42,F,16,1,no,no,yes,57,50,63,61,51,66,yes
Dolorita,Baugh,54,F,16,3,yes,yes,no,60,56,59,55,42,70,yes
Roderigo,Dagnan,88,M,16,1,yes,yes,yes,62,53,51,64,40,59,yes
Grace,Moodey,92.5,M,16,3,yes,no,yes,57,53,57,46,39,65,yes
Lauritz,Gaven,49.5,M,15,1,yes,no,yes,56,61,57,59,50,64,yes
Corrine,Roberts,53.5,F,15,2,yes,yes,no,58,63,45,55,49,64,yes
Desmund,Fenemore,56.5,M,15,2,yes,yes,yes,53,57,55,51,36,67,yes
Gerianna,Cromett,74.5,F,15,4,no,no,no,58,57,56,54,49,59,yes
Obie,Roggerone,76,F,15,4,yes,yes,no,60,58,54,56,44,70,yes
Deedee,Fernehough,89,M,16,3,yes,no,yes,70,59,59,54,42,62,yes
Beau,Pemberton,81.5,M,15,4,yes,yes,yes,65,63,55,54,48,60,yes
Kendricks,Skilling,82,F,16,3,yes,yes,yes,63,61,59,59,43,64,yes
Denice,Ahmed,49,M,15,1,no,no,yes,64,61,53,59,41,60,yes
Lesly,Crowcroft,55,F,16,3,yes,no,yes,62,52,62,60,41,63,yes
Reinaldo,St. Queintain,49,F,16,2,no,no,yes,60,66,62,58,32,61,no
Abagael,Wasmer,61,M,15,1,no,no,no,64,58,56,62,11,63,no
Caren,Dowsett,67,M,15,2,no,no,yes,72,61,54,56,53,58,yes
Henderson,Comrie,76.5,M,16,2,yes,no,yes,64,58,56,62,36,63,yes
Edgardo,Simond,54,M,15,2,yes,no,yes,72,61,54,56,53,58,yes
Edithe,Carncross,60.25,M,16,1,no,no,yes,58,55,64,55,42,68,yes
Shelbi,Machin,63,M,17,2,yes,no,yes,60,50,61,66,38,71,yes
Cherie,Gooderick,71,M,15,1,no,no,no,57,59,54,60,44,67,yes
Kare,Zimmermanns,62.75,F,15,2,no,no,no,71,58,62,67,12,68,no
Skipper,Dederick,57.5,M,15,4,yes,yes,yes,56,69,63,65,41,58,yes
Felice,Oloshkin,59.5,F,16,2,yes,yes,yes,53,57,51,52,43,71,yes
Renado,Brushneen,67,M,16,1,yes,no,yes,63,52,41,62,42,71,yes
Howard,Destouche,65.5,F,16,2,no,yes,no,61,56,47,60,43,69,yes
Westleigh,Lucian,70,M,15,1,no,no,no,54,36,57,47,19,56,no
Sada,Cockings,48.75,F,15,2,no,no,yes,40,41,46,37,26,61,no
Gordie,Daunter,42,F,19,2,no,no,no,57,35,38,41,9,60,no
Sancho,Dobrowolny,54,M,18,1,yes,no,yes,50,38,36,44,0,58,no
Rikki,Carne,88,M,16,1,no,yes,yes,45,43,53,44,29,51,no
Norris,Neal,92.5,F,15,3,yes,no,no,57,50,33,49,35,55,no
Dilly,Biggadyke,49.5,F,15,1,yes,no,yes,42,37,57,45,41,46,yes
Mitchell,Pescud,53.5,F,17,1,yes,no,no,44,51,41,47,45,46,yes
Amie,Waldrum,56.5,F,16,1,no,no,no,48,51,52,41,23,44,no
Milo,Devas,74.5,M,15,2,yes,no,no,64,43,37,47,45,59,yes
Odey,Epinoy,76,F,15,3,yes,no,yes,51,47,40,30,46,59,yes
Paquito,Mallinder,89,M,17,2,no,no,no,44,46,45,48,56,57,yes
Tamara,Munnings,81.5,F,16,1,yes,no,yes,52,35,44,45,67,61,yes
Aldous,Coare,82,M,16,2,no,no,no,46,41,45,30,46,58,no
Felicio,Maidment,49,F,15,1,no,no,yes,54,49,44,44,25,46,no
Parrnell,Lurner,55,M,15,4,yes,no,no,62,43,33,55,17,48,no
Andriana,Gingold,49,M,16,1,yes,no,yes,62,43,36,46,55,66,yes
Claudian,Burree,61,F,15,3,yes,yes,yes,51,39,35,42,45,61,yes
Weidar,Ariss,67,F,16,1,no,no,no,51,42,39,42,10,57,no
Mellisent,Selborne,76.5,M,17,1,yes,no,no,45,35,38,38,10,62,no
Bess,Patters,54,F,15,2,yes,yes,no,48,48,52,35,29,59,no
Amy,Ottawell,60.25,F,15,2,yes,no,no,55,43,52,47,29,58,no
Nicole,Calderwood,63,F,15,2,yes,yes,no,39,46,48,29,56,61,yes
Laraine,Dudding,71,M,16,1,yes,no,no,56,38,42,35,36,50,yes
Sancho,Week,62.75,M,15,1,no,no,no,41,55,45,53,40,52,yes
Elliot,Eberdt,57.5,M,18,1,no,no,no,50,36,39,42,33,60,no
Frederic,Reame,59.5,M,16,1,no,no,yes,50,43,48,47,31,52,no
Hermine,Markovic,67,F,15,3,yes,yes,yes,52,54,38,39,50,46,yes
Archy,Filchagin,65.5,M,19,1,yes,no,no,52,55,43,44,39,50,yes
Gertrudis,Kornyakov,70,F,17,1,yes,no,no,46,51,50,51,56,48,yes
Neda,Strowger,48.75,M,15,2,no,yes,yes,53,48,42,38,40,56,yes
Joice,Glaserman,42,M,17,1,no,no,no,56,46,50,39,24,61,no
Ronny,Jope,54,F,18,1,yes,no,yes,61,51,38,40,50,57,yes
Brandon,Corking,88,M,16,1,yes,yes,no,54,43,52,48,44,61,yes
Elisabet,Dudney,92.5,M,16,2,no,no,no,60,32,53,45,36,60,no
Monica,Gowman,49.5,M,17,1,no,no,yes,41,54,38,45,19,61,no
Hyman,Masterson,53.5,M,15,2,yes,no,no,55,38,38,45,22,61,no
Thoma,Seebright,56.5,M,16,1,no,no,yes,50,38,42,45,13,60,no
Tybalt,Liffe,74.5,M,17,1,no,no,no,58,50,52,54,32,67,no
Shayna,Bugdell,76,M,17,2,no,no,yes,65,42,45,46,33,68,no
Hill,Becken,89,M,16,1,yes,no,yes,45,49,57,57,43,10,no
Wittie,Dolling,81.5,M,16,2,no,no,no,56,39,50,45,28,57,no
Emogene,Cowmeadow,82,F,16,1,no,no,yes,55,54,49,37,27,60,no
Thorin,Florez,49,F,16,3,yes,yes,no,58,44,54,47,56,51,yes
Skippie,Paskins,55,M,16,1,yes,yes,yes,56,40,48,43,55,57,yes
Pace,Ritch,49,M,16,3,yes,no,yes,60,38,88,53,50,62,yes
Mirelle,Hadlington,61,M,15,1,yes,no,yes,48,45,39,46,78,53,yes
Daryle,Morter,67,F,15,2,yes,yes,no,45,48,56,46,38,58,yes
Craggy,Midden,76.5,M,15,2,yes,yes,yes,55,47,54,48,26,53,no
Pia,Reaper,54,F,15,4,no,no,no,52,44,49,51,34,53,no
Khalil,Botwood,60.25,F,15,4,yes,yes,no,54,41,38,44,35,61,yes
Jaye,Margett,63,M,16,3,yes,no,yes,52,41,59,44,56,55,yes
Grady,Cogin,71,M,15,4,yes,yes,yes,62,44,42,43,45,55,yes
Vladamir,Sinkins,62.75,F,16,3,yes,yes,yes,54,41,38,44,88,61,yes
Ludovico,Clemas,57.5,M,15,1,no,no,yes,52,41,59,44,34,55,no
Bryan,Pinwell,59.5,F,16,3,yes,no,yes,62,44,42,43,45,55,yes
Dolli,Klementz,67,F,16,2,no,no,yes,41,55,45,53,40,52,yes
Tallulah,Lynes,65.5,M,15,1,no,no,no,50,36,39,42,33,60,no
Burr,Leigh,70,M,15,2,no,no,yes,50,43,48,47,31,52,no
Delilah,Crocetto,48.75,M,16,2,yes,no,yes,52,54,38,39,66,46,yes
Alphard,Eichmann,42,M,15,2,yes,no,yes,52,55,43,44,39,50,yes
Bud,Crewes,54,M,16,1,no,no,yes,41,55,45,53,40,52,yes
Myrta,Gillebride,88,M,17,2,yes,no,yes,50,36,39,42,45,60,yes
Marianna,Ernshaw,92.5,M,15,1,no,no,no,50,43,48,47,31,52,no
Goddard,Tow,49.5,F,15,2,no,no,no,52,54,38,39,30,46,no
Meryl,Riddock,53.5,M,15,4,yes,yes,yes,52,55,43,44,39,50,yes
Kinnie,Mold,56.5,F,16,2,yes,yes,yes,46,51,50,51,56,48,yes
Mercie,Ellcome,74.5,M,16,1,yes,no,yes,53,48,42,38,40,56,yes
Kevin,Bedinham,76,F,16,2,no,yes,no,56,46,50,39,67,61,yes
Bary,Barnwille,89,M,15,1,no,no,no,61,51,38,40,30,57,no
Adelaide,Purdy,81.5,F,15,2,no,no,yes,54,43,52,48,28,61,yes
Lori,MacLachlan,82,F,19,2,yes,no,no,60,32,53,45,36,60,no
Claribel,Madison,49,M,18,1,yes,no,yes,41,54,38,45,19,61,no
Jory,Jouhning,55,M,16,1,no,yes,yes,55,38,38,45,22,61,no
Tabby,Peck,49,F,15,3,yes,no,no,50,38,42,45,13,60,no
Armand,Greaves,61,F,15,1,yes,no,yes,58,50,52,54,32,67,no
Barnett,Wellbank,67,F,17,1,yes,no,no,65,42,45,46,33,68,no
Olly,Fenwick,76.5,F,16,1,no,no,no,45,49,57,57,32,49,no
Ann,Worsfield,54,M,15,2,yes,no,no,56,39,50,45,28,57,no
Zackariah,Swarbrigg,60.25,F,15,3,yes,no,yes,55,54,49,37,56,60,yes
Morley,Abdy,63,M,17,2,no,no,no,58,44,54,47,32,51,no
Jacynth,Raise,71,F,16,1,yes,no,yes,56,40,48,43,31,57,no
Brunhilda,Kennifeck,62.75,M,16,2,no,no,no,60,38,34,22,12,62,no
Ardis,Sterling,57.5,F,15,1,no,no,yes,48,45,39,46,31,53,no
Chaim,Duchenne,59.5,M,15,4,yes,no,no,45,48,56,46,38,58,yes
Devlin,Rush,67,M,16,1,yes,no,yes,55,47,54,48,58,53,yes
Cecilla,Duckerin,65.5,F,15,3,yes,yes,yes,52,44,49,51,56,53,yes
Dominique,Wastie,70,F,16,1,no,no,no,54,10,31,44,35,61,no
Xenos,Lenton,48.75,M,17,1,no,no,no,52,41,59,13,12,55,no
Marisa,Shepperd,42,F,15,2,yes,yes,no,62,44,42,43,67,55,yes
Lily,Payton,54,F,15,2,yes,no,no,41,55,45,53,40,52,yes
Bord,Bunson,88,F,15,2,yes,yes,no,50,36,39,42,56,60,yes
Eugenie,Commuzzo,92.5,M,16,1,yes,no,no,50,43,48,47,31,52,no
Sutherland,Standidge,49.5,M,15,1,no,no,no,52,54,38,31,30,46,no
Myrah,Grishinov,53.5,M,18,1,no,no,no,52,55,20,44,12,50,no
Cornie,Shew,56.5,M,16,2,yes,yes,yes,46,51,50,51,56,48,yes
Angie,McPhate,74.5,M,15,2,yes,yes,no,53,48,42,38,40,56,yes
Berky,Delafoy,76,M,15,2,yes,no,yes,56,46,50,39,56,61,yes
Teodorico,Pughe,89,M,15,2,yes,no,yes,61,51,38,40,67,57,yes
Keith,Reeder,81.5,M,16,2,yes,yes,yes,54,43,52,48,66,61,yes
Tyson,Brayshaw,82,M,16,2,no,no,no,60,32,53,45,36,60,no
Glynis,Caine,49,F,17,2,yes,no,no,41,54,38,45,19,61,no
Eden,O'Donovan,55,M,15,2,yes,yes,no,55,38,38,45,67,61,yes
Davie,Ruselin,49,M,15,2,yes,yes,yes,50,67,42,45,56,60,yes
Claybourne,Petrenko,61,F,15,2,yes,yes,no,58,50,52,54,67,67,yes
Barny,Purry,67,F,15,3,yes,no,yes,65,42,45,46,78,68,yes
Ketti,McGrane,76.5,M,15,1,yes,yes,yes,45,49,57,57,43,49,yes
Germaine,Mussettini,54,M,15,2,yes,yes,no,56,39,50,45,89,57,yes
Weidar,Fellos,60.25,M,15,3,yes,no,no,55,54,49,37,27,60,no
Krispin,Clifton,63,F,16,1,yes,no,no,58,44,54,47,32,51,no
Derrek,Basset,71,F,16,3,yes,yes,yes,56,40,48,43,67,57,yes
Shelbi,Tesimon,62.75,F,16,2,yes,no,yes,60,56,34,53,78,62,no
Worth,Sushams,57.5,M,17,1,yes,no,yes,48,45,39,46,89,53,yes
Chris,Dumper,59.5,M,16,1,no,yes,yes,45,48,78,46,89,58,yes
Caralie,Wasbey,67,M,15,2,no,no,no,55,47,54,48,26,53,no
Erastus,Gouly,65.5,M,15,1,yes,yes,no,52,44,49,51,34,53,no
Kitti,Shawyer,70,M,16,2,no,no,yes,54,41,38,44,12,61,no
Roman,Oxley,48.75,M,16,2,yes,no,yes,52,41,59,44,34,55,no
Anabal,Durker,42,F,15,3,yes,yes,yes,98,90,78,88,77,55,yes
El,Gurney,54,F,16,1,yes,yes,no,56,40,48,43,55,57,yes
Pavlov,Renoden,88,M,15,1,yes,yes,no,60,67,67,53,66,62,yes
Glenden,Pallin,92.5,M,15,1,no,yes,no,48,45,39,46,31,53,no
Gregory,Pettyfer,49.5,M,16,2,yes,no,yes,45,48,33,46,38,58,no
